[
{
  "model": "admin.logentry",
  "pk": 1,
  "fields": {
    "action_time": "2023-06-29T08:26:06.899Z",
    "user": 2,
    "content_type": 9,
    "object_id": "1",
    "object_repr": "user",
    "action_flag": 1,
    "change_message": "[{\"added\": {}}]"
  }
},
{
  "model": "admin.logentry",
  "pk": 2,
  "fields": {
    "action_time": "2023-06-29T08:26:30.728Z",
    "user": 2,
    "content_type": 10,
    "object_id": "1",
    "object_repr": "user",
    "action_flag": 1,
    "change_message": "[{\"added\": {}}]"
  }
},
{
  "model": "admin.logentry",
  "pk": 3,
  "fields": {
    "action_time": "2023-06-29T08:27:05.470Z",
    "user": 2,
    "content_type": 8,
    "object_id": "1",
    "object_repr": "surfing",
    "action_flag": 1,
    "change_message": "[{\"added\": {}}]"
  }
},
{
  "model": "admin.logentry",
  "pk": 4,
  "fields": {
    "action_time": "2023-06-29T08:27:11.877Z",
    "user": 2,
    "content_type": 7,
    "object_id": "1",
    "object_repr": "bla bla experience",
    "action_flag": 1,
    "change_message": "[{\"added\": {}}]"
  }
},
{
  "model": "admin.logentry",
  "pk": 5,
  "fields": {
    "action_time": "2023-06-29T08:29:15.734Z",
    "user": 2,
    "content_type": 12,
    "object_id": "1",
    "object_repr": "user - bla bla experience",
    "action_flag": 1,
    "change_message": "[{\"added\": {}}]"
  }
},
{
  "model": "admin.logentry",
  "pk": 6,
  "fields": {
    "action_time": "2023-06-29T08:33:14.400Z",
    "user": 2,
    "content_type": 4,
    "object_id": "3",
    "object_repr": "user_test2",
    "action_flag": 1,
    "change_message": "[{\"added\": {}}]"
  }
},
{
  "model": "admin.logentry",
  "pk": 7,
  "fields": {
    "action_time": "2023-06-29T08:33:46.104Z",
    "user": 2,
    "content_type": 9,
    "object_id": "2",
    "object_repr": "user_test2",
    "action_flag": 1,
    "change_message": "[{\"added\": {}}]"
  }
},
{
  "model": "admin.logentry",
  "pk": 8,
  "fields": {
    "action_time": "2023-06-29T08:34:02.126Z",
    "user": 2,
    "content_type": 10,
    "object_id": "2",
    "object_repr": "user_test2",
    "action_flag": 1,
    "change_message": "[{\"added\": {}}]"
  }
},
{
  "model": "admin.logentry",
  "pk": 9,
  "fields": {
    "action_time": "2023-06-29T08:38:04.443Z",
    "user": 2,
    "content_type": 12,
    "object_id": "2",
    "object_repr": "user - bla bla experience",
    "action_flag": 1,
    "change_message": "[{\"added\": {}}]"
  }
},
{
  "model": "admin.logentry",
  "pk": 10,
  "fields": {
    "action_time": "2023-06-29T08:38:18.353Z",
    "user": 2,
    "content_type": 12,
    "object_id": "1",
    "object_repr": "user - bla bla experience",
    "action_flag": 3,
    "change_message": ""
  }
},
{
  "model": "admin.logentry",
  "pk": 11,
  "fields": {
    "action_time": "2023-06-29T08:38:26.137Z",
    "user": 2,
    "content_type": 12,
    "object_id": "2",
    "object_repr": "user - bla bla experience",
    "action_flag": 3,
    "change_message": ""
  }
},
{
  "model": "admin.logentry",
  "pk": 12,
  "fields": {
    "action_time": "2023-07-07T07:51:50.617Z",
    "user": 2,
    "content_type": 9,
    "object_id": "3",
    "object_repr": "Gia",
    "action_flag": 2,
    "change_message": "[{\"changed\": {\"fields\": [\"Location\", \"User profile image\"]}}]"
  }
},
{
  "model": "admin.logentry",
  "pk": 13,
  "fields": {
    "action_time": "2023-07-07T07:53:05.659Z",
    "user": 2,
    "content_type": 4,
    "object_id": "5",
    "object_repr": "Sam",
    "action_flag": 1,
    "change_message": "[{\"added\": {}}]"
  }
},
{
  "model": "admin.logentry",
  "pk": 14,
  "fields": {
    "action_time": "2023-07-07T07:53:22.598Z",
    "user": 2,
    "content_type": 4,
    "object_id": "5",
    "object_repr": "Sam",
    "action_flag": 2,
    "change_message": "[{\"changed\": {\"fields\": [\"First name\", \"Last name\"]}}]"
  }
},
{
  "model": "admin.logentry",
  "pk": 15,
  "fields": {
    "action_time": "2023-07-07T07:54:33.486Z",
    "user": 2,
    "content_type": 9,
    "object_id": "4",
    "object_repr": "Sam",
    "action_flag": 1,
    "change_message": "[{\"added\": {}}]"
  }
},
{
  "model": "admin.logentry",
  "pk": 16,
  "fields": {
    "action_time": "2023-07-07T11:38:34.413Z",
    "user": 2,
    "content_type": 9,
    "object_id": "4",
    "object_repr": "Sam",
    "action_flag": 2,
    "change_message": "[{\"changed\": {\"fields\": [\"User bio\"]}}]"
  }
},
{
  "model": "admin.logentry",
  "pk": 17,
  "fields": {
    "action_time": "2023-07-07T11:40:31.653Z",
    "user": 2,
    "content_type": 4,
    "object_id": "4",
    "object_repr": "Gia",
    "action_flag": 3,
    "change_message": ""
  }
},
{
  "model": "admin.logentry",
  "pk": 18,
  "fields": {
    "action_time": "2023-07-07T11:40:57.540Z",
    "user": 2,
    "content_type": 4,
    "object_id": "6",
    "object_repr": "Dean",
    "action_flag": 1,
    "change_message": "[{\"added\": {}}]"
  }
},
{
  "model": "admin.logentry",
  "pk": 19,
  "fields": {
    "action_time": "2023-07-07T11:41:10.095Z",
    "user": 2,
    "content_type": 4,
    "object_id": "6",
    "object_repr": "Dean",
    "action_flag": 2,
    "change_message": "[{\"changed\": {\"fields\": [\"First name\", \"Last name\"]}}]"
  }
},
{
  "model": "admin.logentry",
  "pk": 20,
  "fields": {
    "action_time": "2023-07-07T11:46:15.607Z",
    "user": 2,
    "content_type": 9,
    "object_id": "5",
    "object_repr": "Dean",
    "action_flag": 1,
    "change_message": "[{\"added\": {}}]"
  }
},
{
  "model": "admin.logentry",
  "pk": 21,
  "fields": {
    "action_time": "2023-07-10T11:44:58.958Z",
    "user": 2,
    "content_type": 7,
    "object_id": "3",
    "object_repr": "test_experience",
    "action_flag": 1,
    "change_message": "[{\"added\": {}}]"
  }
},
{
  "model": "admin.logentry",
  "pk": 22,
  "fields": {
    "action_time": "2023-07-10T13:51:47.795Z",
    "user": 2,
    "content_type": 7,
    "object_id": "3",
    "object_repr": "('test_experience', 3)",
    "action_flag": 2,
    "change_message": "[{\"changed\": {\"fields\": [\"Host\"]}}]"
  }
},
{
  "model": "admin.logentry",
  "pk": 23,
  "fields": {
    "action_time": "2023-07-10T14:03:02.859Z",
    "user": 2,
    "content_type": 7,
    "object_id": "3",
    "object_repr": "('Hunting Monsters', 3)",
    "action_flag": 2,
    "change_message": "[{\"changed\": {\"fields\": [\"Title\", \"Description\", \"Experience image\"]}}]"
  }
},
{
  "model": "admin.logentry",
  "pk": 24,
  "fields": {
    "action_time": "2023-07-10T14:10:57.356Z",
    "user": 2,
    "content_type": 7,
    "object_id": "3",
    "object_repr": "('Hunting Monsters', 3)",
    "action_flag": 2,
    "change_message": "[{\"changed\": {\"fields\": [\"Host\"]}}]"
  }
},
{
  "model": "admin.logentry",
  "pk": 25,
  "fields": {
    "action_time": "2023-07-10T14:11:22.641Z",
    "user": 2,
    "content_type": 7,
    "object_id": "3",
    "object_repr": "('Hunting Monsters', 3)",
    "action_flag": 2,
    "change_message": "[{\"changed\": {\"fields\": [\"Host\"]}}]"
  }
},
{
  "model": "admin.logentry",
  "pk": 26,
  "fields": {
    "action_time": "2023-07-11T06:52:42.430Z",
    "user": 2,
    "content_type": 7,
    "object_id": "4",
    "object_repr": "('fishing', 4)",
    "action_flag": 1,
    "change_message": "[{\"added\": {}}]"
  }
},
{
  "model": "admin.logentry",
  "pk": 27,
  "fields": {
    "action_time": "2023-07-11T06:53:02.660Z",
    "user": 2,
    "content_type": 7,
    "object_id": "4",
    "object_repr": "('Fishing', 4)",
    "action_flag": 2,
    "change_message": "[{\"changed\": {\"fields\": [\"Title\"]}}]"
  }
},
{
  "model": "admin.logentry",
  "pk": 28,
  "fields": {
    "action_time": "2023-07-11T13:08:20.685Z",
    "user": 2,
    "content_type": 7,
    "object_id": "5",
    "object_repr": "('American Burger', 5)",
    "action_flag": 1,
    "change_message": "[{\"added\": {}}]"
  }
},
{
  "model": "admin.logentry",
  "pk": 29,
  "fields": {
    "action_time": "2023-07-11T13:12:03.988Z",
    "user": 2,
    "content_type": 7,
    "object_id": "5",
    "object_repr": "('American Burger', 5)",
    "action_flag": 2,
    "change_message": "[{\"changed\": {\"fields\": [\"Description\"]}}]"
  }
},
{
  "model": "admin.logentry",
  "pk": 30,
  "fields": {
    "action_time": "2023-07-11T13:29:58.531Z",
    "user": 2,
    "content_type": 7,
    "object_id": "6",
    "object_repr": "('Supernatural Hike', 6)",
    "action_flag": 1,
    "change_message": "[{\"added\": {}}]"
  }
},
{
  "model": "admin.logentry",
  "pk": 31,
  "fields": {
    "action_time": "2023-07-12T09:02:07.653Z",
    "user": 2,
    "content_type": 7,
    "object_id": "8",
    "object_repr": "('playing with mori again', 8)",
    "action_flag": 3,
    "change_message": ""
  }
},
{
  "model": "admin.logentry",
  "pk": 32,
  "fields": {
    "action_time": "2023-07-12T09:02:07.659Z",
    "user": 2,
    "content_type": 7,
    "object_id": "7",
    "object_repr": "('Playing with Mori', 7)",
    "action_flag": 3,
    "change_message": ""
  }
},
{
  "model": "admin.logentry",
  "pk": 33,
  "fields": {
    "action_time": "2023-07-12T11:40:21.939Z",
    "user": 2,
    "content_type": 9,
    "object_id": "6",
    "object_repr": "aleks",
    "action_flag": 3,
    "change_message": ""
  }
},
{
  "model": "admin.logentry",
  "pk": 34,
  "fields": {
    "action_time": "2023-07-12T11:40:30.133Z",
    "user": 2,
    "content_type": 4,
    "object_id": "7",
    "object_repr": "aleks",
    "action_flag": 3,
    "change_message": ""
  }
},
{
  "model": "admin.logentry",
  "pk": 35,
  "fields": {
    "action_time": "2023-07-14T08:50:43.491Z",
    "user": 2,
    "content_type": 13,
    "object_id": "1",
    "object_repr": "Region object (1)",
    "action_flag": 1,
    "change_message": "[{\"added\": {}}]"
  }
},
{
  "model": "admin.logentry",
  "pk": 36,
  "fields": {
    "action_time": "2023-07-14T08:55:33.347Z",
    "user": 2,
    "content_type": 13,
    "object_id": "2",
    "object_repr": "Region object (2)",
    "action_flag": 1,
    "change_message": "[{\"added\": {}}]"
  }
},
{
  "model": "admin.logentry",
  "pk": 37,
  "fields": {
    "action_time": "2023-07-14T08:55:37.604Z",
    "user": 2,
    "content_type": 7,
    "object_id": "6",
    "object_repr": "('Supernatural Hike', 6)",
    "action_flag": 2,
    "change_message": "[{\"changed\": {\"fields\": [\"Region\"]}}]"
  }
},
{
  "model": "admin.logentry",
  "pk": 38,
  "fields": {
    "action_time": "2023-07-14T09:10:52.490Z",
    "user": 2,
    "content_type": 7,
    "object_id": "5",
    "object_repr": "('American Burger', 5)",
    "action_flag": 2,
    "change_message": "[{\"changed\": {\"fields\": [\"Region\"]}}]"
  }
},
{
  "model": "admin.logentry",
  "pk": 39,
  "fields": {
    "action_time": "2023-07-14T11:38:20.159Z",
    "user": 2,
    "content_type": 8,
    "object_id": "2",
    "object_repr": "supernatural",
    "action_flag": 1,
    "change_message": "[{\"added\": {}}]"
  }
},
{
  "model": "admin.logentry",
  "pk": 40,
  "fields": {
    "action_time": "2023-07-14T11:38:22.207Z",
    "user": 2,
    "content_type": 7,
    "object_id": "5",
    "object_repr": "('American Burger', 5)",
    "action_flag": 2,
    "change_message": "[{\"changed\": {\"fields\": [\"Start date\", \"End date\", \"Experience tags\"]}}]"
  }
},
{
  "model": "admin.logentry",
  "pk": 41,
  "fields": {
    "action_time": "2023-07-18T10:39:50.497Z",
    "user": 2,
    "content_type": 15,
    "object_id": "5",
    "object_repr": " traveler: Dean , host: Sam , experience: Fishing",
    "action_flag": 3,
    "change_message": ""
  }
},
{
  "model": "admin.logentry",
  "pk": 42,
  "fields": {
    "action_time": "2023-07-18T10:39:50.505Z",
    "user": 2,
    "content_type": 15,
    "object_id": "4",
    "object_repr": " traveler: Sam , host: Dean , experience: Hunting Monsters",
    "action_flag": 3,
    "change_message": ""
  }
},
{
  "model": "admin.logentry",
  "pk": 43,
  "fields": {
    "action_time": "2023-07-18T10:39:50.508Z",
    "user": 2,
    "content_type": 15,
    "object_id": "3",
    "object_repr": " traveler: user , host: Sam , experience: Fishing",
    "action_flag": 3,
    "change_message": ""
  }
},
{
  "model": "admin.logentry",
  "pk": 44,
  "fields": {
    "action_time": "2023-07-18T10:39:50.513Z",
    "user": 2,
    "content_type": 15,
    "object_id": "2",
    "object_repr": " traveler: 4 , host: 5 , experience: American Burger",
    "action_flag": 3,
    "change_message": ""
  }
},
{
  "model": "admin.logentry",
  "pk": 45,
  "fields": {
    "action_time": "2023-07-18T10:39:50.520Z",
    "user": 2,
    "content_type": 15,
    "object_id": "1",
    "object_repr": " traveler: 1 , host: 5 , experience: Hunting Monsters",
    "action_flag": 3,
    "change_message": ""
  }
},
{
  "model": "admin.logentry",
  "pk": 46,
  "fields": {
    "action_time": "2023-07-18T11:03:32.125Z",
    "user": 2,
    "content_type": 7,
    "object_id": "7",
    "object_repr": "('Meet hot locals', 7)",
    "action_flag": 3,
    "change_message": ""
  }
},
{
  "model": "admin.logentry",
  "pk": 47,
  "fields": {
    "action_time": "2023-07-18T13:08:07.674Z",
    "user": 2,
    "content_type": 15,
    "object_id": "14",
    "object_repr": " traveler: Dean , host: Sam , experience: Fishing",
    "action_flag": 3,
    "change_message": ""
  }
},
{
  "model": "admin.logentry",
  "pk": 48,
  "fields": {
    "action_time": "2023-07-18T13:08:07.683Z",
    "user": 2,
    "content_type": 15,
    "object_id": "13",
    "object_repr": " traveler: Dean , host: Sam , experience: Fishing",
    "action_flag": 3,
    "change_message": ""
  }
},
{
  "model": "admin.logentry",
  "pk": 49,
  "fields": {
    "action_time": "2023-07-18T13:08:07.688Z",
    "user": 2,
    "content_type": 15,
    "object_id": "12",
    "object_repr": " traveler: Dean , host: Sam , experience: Fishing",
    "action_flag": 3,
    "change_message": ""
  }
},
{
  "model": "admin.logentry",
  "pk": 50,
  "fields": {
    "action_time": "2023-07-18T13:08:07.692Z",
    "user": 2,
    "content_type": 15,
    "object_id": "11",
    "object_repr": " traveler: Dean , host: Sam , experience: Fishing",
    "action_flag": 3,
    "change_message": ""
  }
},
{
  "model": "admin.logentry",
  "pk": 51,
  "fields": {
    "action_time": "2023-07-18T13:08:07.696Z",
    "user": 2,
    "content_type": 15,
    "object_id": "10",
    "object_repr": " traveler: Dean , host: Sam , experience: Fishing",
    "action_flag": 3,
    "change_message": ""
  }
},
{
  "model": "admin.logentry",
  "pk": 52,
  "fields": {
    "action_time": "2023-07-18T13:08:07.701Z",
    "user": 2,
    "content_type": 15,
    "object_id": "6",
    "object_repr": " traveler: user , host: Sam , experience: Fishing",
    "action_flag": 3,
    "change_message": ""
  }
},
{
  "model": "admin.logentry",
  "pk": 53,
  "fields": {
    "action_time": "2023-07-19T11:49:46.011Z",
    "user": 2,
    "content_type": 10,
    "object_id": "2",
    "object_repr": "user_test2",
    "action_flag": 3,
    "change_message": ""
  }
},
{
  "model": "admin.logentry",
  "pk": 54,
  "fields": {
    "action_time": "2023-07-19T11:49:46.023Z",
    "user": 2,
    "content_type": 10,
    "object_id": "1",
    "object_repr": "user",
    "action_flag": 3,
    "change_message": ""
  }
},
{
  "model": "admin.logentry",
  "pk": 55,
  "fields": {
    "action_time": "2023-07-19T12:00:52.332Z",
    "user": 2,
    "content_type": 9,
    "object_id": "7",
    "object_repr": "aleks",
    "action_flag": 2,
    "change_message": "[{\"changed\": {\"fields\": [\"Location\", \"User profile image\"]}}]"
  }
},
{
  "model": "admin.logentry",
  "pk": 56,
  "fields": {
    "action_time": "2023-07-21T08:12:10.389Z",
    "user": 2,
    "content_type": 15,
    "object_id": "17",
    "object_repr": " traveler: user , host: Dean , experience: Hunting Monsters",
    "action_flag": 3,
    "change_message": ""
  }
},
{
  "model": "admin.logentry",
  "pk": 57,
  "fields": {
    "action_time": "2023-07-21T08:12:10.393Z",
    "user": 2,
    "content_type": 15,
    "object_id": "16",
    "object_repr": " traveler: Sam , host: Dean , experience: American Burger",
    "action_flag": 3,
    "change_message": ""
  }
},
{
  "model": "admin.logentry",
  "pk": 58,
  "fields": {
    "action_time": "2023-07-21T08:12:10.399Z",
    "user": 2,
    "content_type": 15,
    "object_id": "15",
    "object_repr": " traveler: Sam , host: Dean , experience: American Burger",
    "action_flag": 3,
    "change_message": ""
  }
},
{
  "model": "admin.logentry",
  "pk": 59,
  "fields": {
    "action_time": "2023-07-21T08:12:10.404Z",
    "user": 2,
    "content_type": 15,
    "object_id": "9",
    "object_repr": " traveler: Dean , host: Sam , experience: Fishing",
    "action_flag": 3,
    "change_message": ""
  }
},
{
  "model": "admin.logentry",
  "pk": 60,
  "fields": {
    "action_time": "2023-07-21T08:12:10.410Z",
    "user": 2,
    "content_type": 15,
    "object_id": "8",
    "object_repr": " traveler: Dean , host: Sam , experience: Meet hot locals",
    "action_flag": 3,
    "change_message": ""
  }
},
{
  "model": "admin.logentry",
  "pk": 61,
  "fields": {
    "action_time": "2023-07-21T08:12:10.414Z",
    "user": 2,
    "content_type": 15,
    "object_id": "7",
    "object_repr": " traveler: user , host: Dean , experience: American Burger",
    "action_flag": 3,
    "change_message": ""
  }
},
{
  "model": "admin.logentry",
  "pk": 62,
  "fields": {
    "action_time": "2023-07-21T08:14:57.759Z",
    "user": 2,
    "content_type": 7,
    "object_id": "5",
    "object_repr": "('American Burger', 5)",
    "action_flag": 2,
    "change_message": "[{\"changed\": {\"fields\": [\"Start date\", \"End date\"]}}]"
  }
},
{
  "model": "admin.logentry",
  "pk": 63,
  "fields": {
    "action_time": "2023-07-21T08:16:06.604Z",
    "user": 2,
    "content_type": 15,
    "object_id": "18",
    "object_repr": " traveler: Sam , host: Dean , experience: American Burger",
    "action_flag": 3,
    "change_message": ""
  }
},
{
  "model": "admin.logentry",
  "pk": 64,
  "fields": {
    "action_time": "2023-07-21T08:31:25.610Z",
    "user": 2,
    "content_type": 15,
    "object_id": "20",
    "object_repr": " traveler: user , host: Dean , experience: American Burger",
    "action_flag": 3,
    "change_message": ""
  }
},
{
  "model": "admin.logentry",
  "pk": 65,
  "fields": {
    "action_time": "2023-07-21T08:31:25.618Z",
    "user": 2,
    "content_type": 15,
    "object_id": "19",
    "object_repr": " traveler: user , host: Dean , experience: American Burger",
    "action_flag": 3,
    "change_message": ""
  }
},
{
  "model": "admin.logentry",
  "pk": 66,
  "fields": {
    "action_time": "2023-07-21T08:32:52.586Z",
    "user": 2,
    "content_type": 15,
    "object_id": "23",
    "object_repr": " traveler: user , host: Dean , experience: American Burger",
    "action_flag": 3,
    "change_message": ""
  }
},
{
  "model": "admin.logentry",
  "pk": 67,
  "fields": {
    "action_time": "2023-07-21T08:32:52.595Z",
    "user": 2,
    "content_type": 15,
    "object_id": "22",
    "object_repr": " traveler: user , host: Dean , experience: American Burger",
    "action_flag": 3,
    "change_message": ""
  }
},
{
  "model": "admin.logentry",
  "pk": 68,
  "fields": {
    "action_time": "2023-07-21T08:32:52.601Z",
    "user": 2,
    "content_type": 15,
    "object_id": "21",
    "object_repr": " traveler: user , host: Dean , experience: American Burger",
    "action_flag": 3,
    "change_message": ""
  }
},
{
  "model": "admin.logentry",
  "pk": 69,
  "fields": {
    "action_time": "2023-07-21T08:51:23.299Z",
    "user": 2,
    "content_type": 15,
    "object_id": "26",
    "object_repr": " traveler: user , host: Dean , experience: American Burger",
    "action_flag": 3,
    "change_message": ""
  }
},
{
  "model": "admin.logentry",
  "pk": 70,
  "fields": {
    "action_time": "2023-07-21T08:51:23.308Z",
    "user": 2,
    "content_type": 15,
    "object_id": "25",
    "object_repr": " traveler: user , host: Dean , experience: American Burger",
    "action_flag": 3,
    "change_message": ""
  }
},
{
  "model": "admin.logentry",
  "pk": 71,
  "fields": {
    "action_time": "2023-07-31T07:14:51.082Z",
    "user": 2,
    "content_type": 4,
    "object_id": "10",
    "object_repr": "Pepper",
    "action_flag": 3,
    "change_message": ""
  }
},
{
  "model": "admin.logentry",
  "pk": 72,
  "fields": {
    "action_time": "2023-07-31T07:24:54.370Z",
    "user": 2,
    "content_type": 4,
    "object_id": "11",
    "object_repr": "Pepper",
    "action_flag": 3,
    "change_message": ""
  }
},
{
  "model": "admin.logentry",
  "pk": 73,
  "fields": {
    "action_time": "2023-07-31T11:17:08.325Z",
    "user": 2,
    "content_type": 4,
    "object_id": "14",
    "object_repr": "donald",
    "action_flag": 3,
    "change_message": ""
  }
},
{
  "model": "admin.logentry",
  "pk": 74,
  "fields": {
    "action_time": "2023-07-31T11:17:08.332Z",
    "user": 2,
    "content_type": 4,
    "object_id": "15",
    "object_repr": "donald1",
    "action_flag": 3,
    "change_message": ""
  }
},
{
  "model": "admin.logentry",
  "pk": 75,
  "fields": {
    "action_time": "2023-07-31T11:17:08.338Z",
    "user": 2,
    "content_type": 4,
    "object_id": "13",
    "object_repr": "pippo",
    "action_flag": 3,
    "change_message": ""
  }
},
{
  "model": "admin.logentry",
  "pk": 76,
  "fields": {
    "action_time": "2023-07-31T11:17:08.343Z",
    "user": 2,
    "content_type": 4,
    "object_id": "16",
    "object_repr": "pippo3",
    "action_flag": 3,
    "change_message": ""
  }
},
{
  "model": "admin.logentry",
  "pk": 77,
  "fields": {
    "action_time": "2023-07-31T11:17:08.348Z",
    "user": 2,
    "content_type": 4,
    "object_id": "17",
    "object_repr": "pippo4",
    "action_flag": 3,
    "change_message": ""
  }
},
{
  "model": "admin.logentry",
  "pk": 78,
  "fields": {
    "action_time": "2023-07-31T11:17:08.352Z",
    "user": 2,
    "content_type": 4,
    "object_id": "18",
    "object_repr": "pippo5",
    "action_flag": 3,
    "change_message": ""
  }
},
{
  "model": "admin.logentry",
  "pk": 79,
  "fields": {
    "action_time": "2023-07-31T11:29:03.056Z",
    "user": 2,
    "content_type": 8,
    "object_id": "3",
    "object_repr": "Indigenous Culture",
    "action_flag": 1,
    "change_message": "[{\"added\": {}}]"
  }
},
{
  "model": "admin.logentry",
  "pk": 80,
  "fields": {
    "action_time": "2023-07-31T11:29:13.771Z",
    "user": 2,
    "content_type": 8,
    "object_id": "4",
    "object_repr": "Traditional Crafts",
    "action_flag": 1,
    "change_message": "[{\"added\": {}}]"
  }
},
{
  "model": "admin.logentry",
  "pk": 81,
  "fields": {
    "action_time": "2023-07-31T11:29:23.680Z",
    "user": 2,
    "content_type": 8,
    "object_id": "5",
    "object_repr": "Local Cuisine",
    "action_flag": 1,
    "change_message": "[{\"added\": {}}]"
  }
},
{
  "model": "admin.logentry",
  "pk": 82,
  "fields": {
    "action_time": "2023-07-31T11:29:28.648Z",
    "user": 2,
    "content_type": 8,
    "object_id": "5",
    "object_repr": "Local Cuisine",
    "action_flag": 2,
    "change_message": "[]"
  }
},
{
  "model": "admin.logentry",
  "pk": 83,
  "fields": {
    "action_time": "2023-07-31T11:29:38.781Z",
    "user": 2,
    "content_type": 8,
    "object_id": "6",
    "object_repr": "Wildlife Safari",
    "action_flag": 1,
    "change_message": "[{\"added\": {}}]"
  }
},
{
  "model": "admin.logentry",
  "pk": 84,
  "fields": {
    "action_time": "2023-07-31T11:29:48.223Z",
    "user": 2,
    "content_type": 8,
    "object_id": "7",
    "object_repr": "Cultural Festival",
    "action_flag": 1,
    "change_message": "[{\"added\": {}}]"
  }
},
{
  "model": "admin.logentry",
  "pk": 85,
  "fields": {
    "action_time": "2023-07-31T11:29:56.302Z",
    "user": 2,
    "content_type": 8,
    "object_id": "8",
    "object_repr": "Historical Landmark",
    "action_flag": 1,
    "change_message": "[{\"added\": {}}]"
  }
},
{
  "model": "admin.logentry",
  "pk": 86,
  "fields": {
    "action_time": "2023-07-31T11:30:06.860Z",
    "user": 2,
    "content_type": 8,
    "object_id": "9",
    "object_repr": "Adventure Trekking",
    "action_flag": 1,
    "change_message": "[{\"added\": {}}]"
  }
},
{
  "model": "admin.logentry",
  "pk": 87,
  "fields": {
    "action_time": "2023-07-31T11:30:41.634Z",
    "user": 2,
    "content_type": 8,
    "object_id": "10",
    "object_repr": "Homestay",
    "action_flag": 1,
    "change_message": "[{\"added\": {}}]"
  }
},
{
  "model": "admin.logentry",
  "pk": 88,
  "fields": {
    "action_time": "2023-07-31T11:30:51.840Z",
    "user": 2,
    "content_type": 8,
    "object_id": "11",
    "object_repr": "Traditional Music and Dance",
    "action_flag": 1,
    "change_message": "[{\"added\": {}}]"
  }
},
{
  "model": "admin.logentry",
  "pk": 89,
  "fields": {
    "action_time": "2023-07-31T11:31:02.856Z",
    "user": 2,
    "content_type": 8,
    "object_id": "12",
    "object_repr": "Artisanal Workshops",
    "action_flag": 1,
    "change_message": "[{\"added\": {}}]"
  }
},
{
  "model": "admin.logentry",
  "pk": 90,
  "fields": {
    "action_time": "2023-07-31T11:31:10.478Z",
    "user": 2,
    "content_type": 8,
    "object_id": "13",
    "object_repr": "Off-the-Beaten-Path",
    "action_flag": 1,
    "change_message": "[{\"added\": {}}]"
  }
},
{
  "model": "admin.logentry",
  "pk": 91,
  "fields": {
    "action_time": "2023-07-31T11:31:16.443Z",
    "user": 2,
    "content_type": 8,
    "object_id": "14",
    "object_repr": "Rural Farming Experience",
    "action_flag": 1,
    "change_message": "[{\"added\": {}}]"
  }
},
{
  "model": "admin.logentry",
  "pk": 92,
  "fields": {
    "action_time": "2023-07-31T11:31:22.293Z",
    "user": 2,
    "content_type": 8,
    "object_id": "15",
    "object_repr": "Traditional Healing Practices",
    "action_flag": 1,
    "change_message": "[{\"added\": {}}]"
  }
},
{
  "model": "admin.logentry",
  "pk": 93,
  "fields": {
    "action_time": "2023-07-31T11:31:28.394Z",
    "user": 2,
    "content_type": 8,
    "object_id": "16",
    "object_repr": "Ethnobotany",
    "action_flag": 1,
    "change_message": "[{\"added\": {}}]"
  }
},
{
  "model": "admin.logentry",
  "pk": 94,
  "fields": {
    "action_time": "2023-07-31T11:31:34.392Z",
    "user": 2,
    "content_type": 8,
    "object_id": "17",
    "object_repr": "Traditional Sports and Games",
    "action_flag": 1,
    "change_message": "[{\"added\": {}}]"
  }
},
{
  "model": "admin.logentry",
  "pk": 95,
  "fields": {
    "action_time": "2023-07-31T11:31:40.702Z",
    "user": 2,
    "content_type": 8,
    "object_id": "18",
    "object_repr": "Heritage Trails",
    "action_flag": 1,
    "change_message": "[{\"added\": {}}]"
  }
},
{
  "model": "admin.logentry",
  "pk": 96,
  "fields": {
    "action_time": "2023-07-31T11:32:16.117Z",
    "user": 2,
    "content_type": 8,
    "object_id": "19",
    "object_repr": "Indigenous Ceremonies",
    "action_flag": 1,
    "change_message": "[{\"added\": {}}]"
  }
},
{
  "model": "admin.logentry",
  "pk": 97,
  "fields": {
    "action_time": "2023-07-31T11:32:17.854Z",
    "user": 2,
    "content_type": 8,
    "object_id": "19",
    "object_repr": "Indigenous Ceremonies",
    "action_flag": 2,
    "change_message": "[]"
  }
},
{
  "model": "admin.logentry",
  "pk": 98,
  "fields": {
    "action_time": "2023-07-31T11:32:25.609Z",
    "user": 2,
    "content_type": 8,
    "object_id": "20",
    "object_repr": "Spiritual Retreats",
    "action_flag": 1,
    "change_message": "[{\"added\": {}}]"
  }
},
{
  "model": "admin.logentry",
  "pk": 99,
  "fields": {
    "action_time": "2023-07-31T11:32:31.427Z",
    "user": 2,
    "content_type": 8,
    "object_id": "21",
    "object_repr": "Cultural Workshops",
    "action_flag": 1,
    "change_message": "[{\"added\": {}}]"
  }
},
{
  "model": "admin.logentry",
  "pk": 100,
  "fields": {
    "action_time": "2023-07-31T11:32:36.177Z",
    "user": 2,
    "content_type": 8,
    "object_id": "22",
    "object_repr": "Tribal Villages",
    "action_flag": 1,
    "change_message": "[{\"added\": {}}]"
  }
},
{
  "model": "admin.logentry",
  "pk": 101,
  "fields": {
    "action_time": "2023-07-31T11:32:41.096Z",
    "user": 2,
    "content_type": 8,
    "object_id": "23",
    "object_repr": "Traditional Fishing",
    "action_flag": 1,
    "change_message": "[{\"added\": {}}]"
  }
},
{
  "model": "admin.logentry",
  "pk": 102,
  "fields": {
    "action_time": "2023-07-31T11:32:46.741Z",
    "user": 2,
    "content_type": 8,
    "object_id": "24",
    "object_repr": "Traditional Textile Weaving",
    "action_flag": 1,
    "change_message": "[{\"added\": {}}]"
  }
},
{
  "model": "admin.logentry",
  "pk": 103,
  "fields": {
    "action_time": "2023-07-31T11:36:31.278Z",
    "user": 2,
    "content_type": 8,
    "object_id": "25",
    "object_repr": "Culinary Experiences",
    "action_flag": 1,
    "change_message": "[{\"added\": {}}]"
  }
},
{
  "model": "admin.logentry",
  "pk": 104,
  "fields": {
    "action_time": "2023-07-31T11:36:40.973Z",
    "user": 2,
    "content_type": 8,
    "object_id": "26",
    "object_repr": "Tribal Dance Performances",
    "action_flag": 1,
    "change_message": "[{\"added\": {}}]"
  }
},
{
  "model": "admin.logentry",
  "pk": 105,
  "fields": {
    "action_time": "2023-07-31T11:36:46.806Z",
    "user": 2,
    "content_type": 8,
    "object_id": "27",
    "object_repr": "Traditional Boat Rides",
    "action_flag": 1,
    "change_message": "[{\"added\": {}}]"
  }
},
{
  "model": "admin.logentry",
  "pk": 106,
  "fields": {
    "action_time": "2023-07-31T11:36:55.537Z",
    "user": 2,
    "content_type": 8,
    "object_id": "28",
    "object_repr": "Local Farm Visits",
    "action_flag": 1,
    "change_message": "[{\"added\": {}}]"
  }
},
{
  "model": "admin.logentry",
  "pk": 107,
  "fields": {
    "action_time": "2023-07-31T11:37:04.478Z",
    "user": 2,
    "content_type": 8,
    "object_id": "29",
    "object_repr": "Traditional Medicinal Practices",
    "action_flag": 1,
    "change_message": "[{\"added\": {}}]"
  }
},
{
  "model": "admin.logentry",
  "pk": 108,
  "fields": {
    "action_time": "2023-07-31T11:37:12.568Z",
    "user": 2,
    "content_type": 8,
    "object_id": "30",
    "object_repr": "Indigenous Language Lessons",
    "action_flag": 1,
    "change_message": "[{\"added\": {}}]"
  }
},
{
  "model": "admin.logentry",
  "pk": 109,
  "fields": {
    "action_time": "2023-07-31T11:37:18.872Z",
    "user": 2,
    "content_type": 8,
    "object_id": "31",
    "object_repr": "Artisanal Food Markets",
    "action_flag": 1,
    "change_message": "[{\"added\": {}}]"
  }
},
{
  "model": "admin.logentry",
  "pk": 110,
  "fields": {
    "action_time": "2023-07-31T11:37:24.800Z",
    "user": 2,
    "content_type": 8,
    "object_id": "32",
    "object_repr": "Traditional Martial Arts",
    "action_flag": 1,
    "change_message": "[{\"added\": {}}]"
  }
},
{
  "model": "admin.logentry",
  "pk": 111,
  "fields": {
    "action_time": "2023-07-31T11:37:30.630Z",
    "user": 2,
    "content_type": 8,
    "object_id": "33",
    "object_repr": "Surfing and Water Sports",
    "action_flag": 1,
    "change_message": "[{\"added\": {}}]"
  }
},
{
  "model": "admin.logentry",
  "pk": 112,
  "fields": {
    "action_time": "2023-07-31T11:37:36.137Z",
    "user": 2,
    "content_type": 8,
    "object_id": "34",
    "object_repr": "Traditional Archery",
    "action_flag": 1,
    "change_message": "[{\"added\": {}}]"
  }
},
{
  "model": "admin.logentry",
  "pk": 113,
  "fields": {
    "action_time": "2023-07-31T11:37:46.805Z",
    "user": 2,
    "content_type": 8,
    "object_id": "35",
    "object_repr": "Local Fishing Techniques",
    "action_flag": 1,
    "change_message": "[{\"added\": {}}]"
  }
},
{
  "model": "admin.logentry",
  "pk": 114,
  "fields": {
    "action_time": "2023-07-31T11:37:49.576Z",
    "user": 2,
    "content_type": 8,
    "object_id": "36",
    "object_repr": "Traditional Calligraphy Workshop",
    "action_flag": 1,
    "change_message": "[{\"added\": {}}]"
  }
},
{
  "model": "admin.logentry",
  "pk": 115,
  "fields": {
    "action_time": "2023-07-31T13:14:16.908Z",
    "user": 2,
    "content_type": 4,
    "object_id": "19",
    "object_repr": "Alexandra",
    "action_flag": 1,
    "change_message": "[{\"added\": {}}]"
  }
},
{
  "model": "admin.logentry",
  "pk": 116,
  "fields": {
    "action_time": "2023-07-31T13:15:51.646Z",
    "user": 2,
    "content_type": 4,
    "object_id": "20",
    "object_repr": "Robin",
    "action_flag": 1,
    "change_message": "[{\"added\": {}}]"
  }
},
{
  "model": "admin.logentry",
  "pk": 117,
  "fields": {
    "action_time": "2023-07-31T13:15:56.653Z",
    "user": 2,
    "content_type": 4,
    "object_id": "20",
    "object_repr": "Robin",
    "action_flag": 2,
    "change_message": "[]"
  }
},
{
  "model": "admin.logentry",
  "pk": 118,
  "fields": {
    "action_time": "2023-07-31T13:16:58.941Z",
    "user": 2,
    "content_type": 4,
    "object_id": "21",
    "object_repr": "Sage",
    "action_flag": 1,
    "change_message": "[{\"added\": {}}]"
  }
},
{
  "model": "admin.logentry",
  "pk": 119,
  "fields": {
    "action_time": "2023-07-31T13:17:01.501Z",
    "user": 2,
    "content_type": 4,
    "object_id": "21",
    "object_repr": "Sage",
    "action_flag": 2,
    "change_message": "[]"
  }
},
{
  "model": "admin.logentry",
  "pk": 120,
  "fields": {
    "action_time": "2023-07-31T13:20:33.481Z",
    "user": 2,
    "content_type": 9,
    "object_id": "18",
    "object_repr": "Sage",
    "action_flag": 1,
    "change_message": "[{\"added\": {}}]"
  }
},
{
  "model": "admin.logentry",
  "pk": 121,
  "fields": {
    "action_time": "2023-07-31T13:21:50.084Z",
    "user": 2,
    "content_type": 9,
    "object_id": "19",
    "object_repr": "Alexandra",
    "action_flag": 1,
    "change_message": "[{\"added\": {}}]"
  }
},
{
  "model": "admin.logentry",
  "pk": 122,
  "fields": {
    "action_time": "2023-07-31T13:23:01.637Z",
    "user": 2,
    "content_type": 9,
    "object_id": "20",
    "object_repr": "Robin",
    "action_flag": 1,
    "change_message": "[{\"added\": {}}]"
  }
},
{
  "model": "admin.logentry",
  "pk": 123,
  "fields": {
    "action_time": "2023-07-31T13:29:15.685Z",
    "user": 2,
    "content_type": 7,
    "object_id": "10",
    "object_repr": "('Hiking in Vesterälen', 10)",
    "action_flag": 1,
    "change_message": "[{\"added\": {}}]"
  }
},
{
  "model": "admin.logentry",
  "pk": 124,
  "fields": {
    "action_time": "2023-07-31T13:30:04.383Z",
    "user": 2,
    "content_type": 9,
    "object_id": "18",
    "object_repr": "Sage",
    "action_flag": 2,
    "change_message": "[{\"changed\": {\"fields\": [\"User bio\"]}}]"
  }
},
{
  "model": "admin.logentry",
  "pk": 125,
  "fields": {
    "action_time": "2023-07-31T13:32:12.793Z",
    "user": 2,
    "content_type": 7,
    "object_id": "10",
    "object_repr": "('Hiking in Vesterälen', 10)",
    "action_flag": 2,
    "change_message": "[{\"changed\": {\"fields\": [\"Experience image\"]}}]"
  }
},
{
  "model": "admin.logentry",
  "pk": 126,
  "fields": {
    "action_time": "2023-07-31T13:34:09.829Z",
    "user": 2,
    "content_type": 7,
    "object_id": "10",
    "object_repr": "('Hiking in Vesterälen', 10)",
    "action_flag": 2,
    "change_message": "[{\"changed\": {\"fields\": [\"Description\"]}}]"
  }
},
{
  "model": "admin.logentry",
  "pk": 127,
  "fields": {
    "action_time": "2023-07-31T13:36:01.534Z",
    "user": 2,
    "content_type": 9,
    "object_id": "20",
    "object_repr": "Robin",
    "action_flag": 2,
    "change_message": "[{\"changed\": {\"fields\": [\"User bio\"]}}]"
  }
},
{
  "model": "admin.logentry",
  "pk": 128,
  "fields": {
    "action_time": "2023-08-01T08:56:15.367Z",
    "user": 2,
    "content_type": 4,
    "object_id": "23",
    "object_repr": "Hiro",
    "action_flag": 1,
    "change_message": "[{\"added\": {}}]"
  }
},
{
  "model": "admin.logentry",
  "pk": 129,
  "fields": {
    "action_time": "2023-08-01T08:56:50.301Z",
    "user": 2,
    "content_type": 9,
    "object_id": "22",
    "object_repr": "Hiro",
    "action_flag": 1,
    "change_message": "[{\"added\": {}}]"
  }
},
{
  "model": "admin.logentry",
  "pk": 130,
  "fields": {
    "action_time": "2023-08-01T08:59:57.571Z",
    "user": 2,
    "content_type": 8,
    "object_id": "37",
    "object_repr": "Traditional Ceremony",
    "action_flag": 1,
    "change_message": "[{\"added\": {}}]"
  }
},
{
  "model": "admin.logentry",
  "pk": 131,
  "fields": {
    "action_time": "2023-08-01T09:00:18.005Z",
    "user": 2,
    "content_type": 13,
    "object_id": "3",
    "object_repr": "Region object (3)",
    "action_flag": 1,
    "change_message": "[{\"added\": {}}]"
  }
},
{
  "model": "admin.logentry",
  "pk": 132,
  "fields": {
    "action_time": "2023-08-01T09:00:34.839Z",
    "user": 2,
    "content_type": 7,
    "object_id": "11",
    "object_repr": "('Japanese tea ceremony', 11)",
    "action_flag": 1,
    "change_message": "[{\"added\": {}}]"
  }
},
{
  "model": "admin.logentry",
  "pk": 133,
  "fields": {
    "action_time": "2023-08-01T09:02:48.655Z",
    "user": 2,
    "content_type": 9,
    "object_id": "22",
    "object_repr": "Hiro",
    "action_flag": 2,
    "change_message": "[{\"changed\": {\"fields\": [\"User bio\"]}}]"
  }
},
{
  "model": "admin.logentry",
  "pk": 134,
  "fields": {
    "action_time": "2023-08-01T09:06:38.062Z",
    "user": 2,
    "content_type": 4,
    "object_id": "24",
    "object_repr": "Nina",
    "action_flag": 1,
    "change_message": "[{\"added\": {}}]"
  }
},
{
  "model": "admin.logentry",
  "pk": 135,
  "fields": {
    "action_time": "2023-08-01T09:09:02.041Z",
    "user": 2,
    "content_type": 9,
    "object_id": "23",
    "object_repr": "Nina",
    "action_flag": 1,
    "change_message": "[{\"added\": {}}]"
  }
},
{
  "model": "admin.logentry",
  "pk": 136,
  "fields": {
    "action_time": "2023-08-01T09:11:24.235Z",
    "user": 2,
    "content_type": 13,
    "object_id": "4",
    "object_repr": "Region object (4)",
    "action_flag": 1,
    "change_message": "[{\"added\": {}}]"
  }
},
{
  "model": "admin.logentry",
  "pk": 137,
  "fields": {
    "action_time": "2023-08-01T09:11:43.162Z",
    "user": 2,
    "content_type": 7,
    "object_id": "12",
    "object_repr": "('Traditional archery', 12)",
    "action_flag": 1,
    "change_message": "[{\"added\": {}}]"
  }
},
{
  "model": "admin.logentry",
  "pk": 138,
  "fields": {
    "action_time": "2023-08-01T09:13:09.394Z",
    "user": 2,
    "content_type": 7,
    "object_id": "11",
    "object_repr": "('Japanese tea ceremony', 11)",
    "action_flag": 2,
    "change_message": "[{\"changed\": {\"fields\": [\"Experience image\"]}}]"
  }
},
{
  "model": "admin.logentry",
  "pk": 139,
  "fields": {
    "action_time": "2023-08-01T09:14:57.873Z",
    "user": 2,
    "content_type": 9,
    "object_id": "22",
    "object_repr": "Hiro",
    "action_flag": 2,
    "change_message": "[{\"changed\": {\"fields\": [\"User profile image\"]}}]"
  }
},
{
  "model": "admin.logentry",
  "pk": 140,
  "fields": {
    "action_time": "2023-08-01T09:16:11.736Z",
    "user": 2,
    "content_type": 15,
    "object_id": "37",
    "object_repr": " traveler: hotlocal , host: Sage , experience: Hiking in Vesterälen",
    "action_flag": 3,
    "change_message": ""
  }
},
{
  "model": "admin.logentry",
  "pk": 141,
  "fields": {
    "action_time": "2023-08-01T09:16:11.743Z",
    "user": 2,
    "content_type": 15,
    "object_id": "36",
    "object_repr": " traveler: Kai , host: Dean , experience: Hunting Monsters",
    "action_flag": 3,
    "change_message": ""
  }
},
{
  "model": "admin.logentry",
  "pk": 142,
  "fields": {
    "action_time": "2023-08-01T09:16:11.747Z",
    "user": 2,
    "content_type": 15,
    "object_id": "35",
    "object_repr": " traveler: Kai , host: Pepper , experience: Traveling to Hamburg",
    "action_flag": 3,
    "change_message": ""
  }
},
{
  "model": "admin.logentry",
  "pk": 143,
  "fields": {
    "action_time": "2023-08-01T09:16:11.751Z",
    "user": 2,
    "content_type": 15,
    "object_id": "34",
    "object_repr": " traveler: Pepper , host: Kai , experience: Dancing with Kai",
    "action_flag": 3,
    "change_message": ""
  }
},
{
  "model": "admin.logentry",
  "pk": 144,
  "fields": {
    "action_time": "2023-08-01T09:16:11.756Z",
    "user": 2,
    "content_type": 15,
    "object_id": "33",
    "object_repr": " traveler: Sam , host: Kai , experience: Dancing with Kai",
    "action_flag": 3,
    "change_message": ""
  }
},
{
  "model": "admin.logentry",
  "pk": 145,
  "fields": {
    "action_time": "2023-08-01T09:16:11.761Z",
    "user": 2,
    "content_type": 15,
    "object_id": "32",
    "object_repr": " traveler: Kai , host: Sam , experience: Fishing",
    "action_flag": 3,
    "change_message": ""
  }
},
{
  "model": "admin.logentry",
  "pk": 146,
  "fields": {
    "action_time": "2023-08-01T09:16:11.768Z",
    "user": 2,
    "content_type": 15,
    "object_id": "31",
    "object_repr": " traveler: Dean , host: user , experience: bla bla experience",
    "action_flag": 3,
    "change_message": ""
  }
},
{
  "model": "admin.logentry",
  "pk": 147,
  "fields": {
    "action_time": "2023-08-01T09:16:11.778Z",
    "user": 2,
    "content_type": 15,
    "object_id": "30",
    "object_repr": " traveler: Sam , host: Dean , experience: Hunting Monsters",
    "action_flag": 3,
    "change_message": ""
  }
},
{
  "model": "admin.logentry",
  "pk": 148,
  "fields": {
    "action_time": "2023-08-01T09:16:11.781Z",
    "user": 2,
    "content_type": 15,
    "object_id": "29",
    "object_repr": " traveler: Dean , host: Sam , experience: Supernatural Hike",
    "action_flag": 3,
    "change_message": ""
  }
},
{
  "model": "admin.logentry",
  "pk": 149,
  "fields": {
    "action_time": "2023-08-01T09:16:11.785Z",
    "user": 2,
    "content_type": 15,
    "object_id": "28",
    "object_repr": " traveler: Dean , host: Sam , experience: Fishing",
    "action_flag": 3,
    "change_message": ""
  }
},
{
  "model": "admin.logentry",
  "pk": 150,
  "fields": {
    "action_time": "2023-08-01T09:16:11.790Z",
    "user": 2,
    "content_type": 15,
    "object_id": "27",
    "object_repr": " traveler: user , host: Sam , experience: Fishing",
    "action_flag": 3,
    "change_message": ""
  }
},
{
  "model": "admin.logentry",
  "pk": 151,
  "fields": {
    "action_time": "2023-08-01T09:16:11.793Z",
    "user": 2,
    "content_type": 15,
    "object_id": "24",
    "object_repr": " traveler: user , host: Dean , experience: American Burger",
    "action_flag": 3,
    "change_message": ""
  }
},
{
  "model": "admin.logentry",
  "pk": 152,
  "fields": {
    "action_time": "2023-08-01T09:17:51.914Z",
    "user": 2,
    "content_type": 11,
    "object_id": "11",
    "object_repr": "hotlocal - Hiking in Vesterälen",
    "action_flag": 3,
    "change_message": ""
  }
},
{
  "model": "admin.logentry",
  "pk": 153,
  "fields": {
    "action_time": "2023-08-01T09:17:51.920Z",
    "user": 2,
    "content_type": 11,
    "object_id": "10",
    "object_repr": "Dean - bla bla experience",
    "action_flag": 3,
    "change_message": ""
  }
},
{
  "model": "admin.logentry",
  "pk": 154,
  "fields": {
    "action_time": "2023-08-01T09:17:51.925Z",
    "user": 2,
    "content_type": 11,
    "object_id": "9",
    "object_repr": "Kai - Traveling to Hamburg",
    "action_flag": 3,
    "change_message": ""
  }
},
{
  "model": "admin.logentry",
  "pk": 155,
  "fields": {
    "action_time": "2023-08-01T09:17:51.929Z",
    "user": 2,
    "content_type": 11,
    "object_id": "8",
    "object_repr": "Pepper - Dancing with Kai",
    "action_flag": 3,
    "change_message": ""
  }
},
{
  "model": "admin.logentry",
  "pk": 156,
  "fields": {
    "action_time": "2023-08-01T09:17:51.933Z",
    "user": 2,
    "content_type": 11,
    "object_id": "7",
    "object_repr": "Sam - Dancing with Kai",
    "action_flag": 3,
    "change_message": ""
  }
},
{
  "model": "admin.logentry",
  "pk": 157,
  "fields": {
    "action_time": "2023-08-01T09:17:51.936Z",
    "user": 2,
    "content_type": 11,
    "object_id": "6",
    "object_repr": "Kai - Fishing",
    "action_flag": 3,
    "change_message": ""
  }
},
{
  "model": "admin.logentry",
  "pk": 158,
  "fields": {
    "action_time": "2023-08-01T09:17:51.940Z",
    "user": 2,
    "content_type": 11,
    "object_id": "5",
    "object_repr": "Sam - Hunting Monsters",
    "action_flag": 3,
    "change_message": ""
  }
},
{
  "model": "admin.logentry",
  "pk": 159,
  "fields": {
    "action_time": "2023-08-01T09:17:51.944Z",
    "user": 2,
    "content_type": 11,
    "object_id": "4",
    "object_repr": "Dean - Supernatural Hike",
    "action_flag": 3,
    "change_message": ""
  }
},
{
  "model": "admin.logentry",
  "pk": 160,
  "fields": {
    "action_time": "2023-08-01T09:17:51.948Z",
    "user": 2,
    "content_type": 11,
    "object_id": "3",
    "object_repr": "Dean - Fishing",
    "action_flag": 3,
    "change_message": ""
  }
},
{
  "model": "admin.logentry",
  "pk": 161,
  "fields": {
    "action_time": "2023-08-01T09:17:51.951Z",
    "user": 2,
    "content_type": 11,
    "object_id": "2",
    "object_repr": "user - Fishing",
    "action_flag": 3,
    "change_message": ""
  }
},
{
  "model": "admin.logentry",
  "pk": 162,
  "fields": {
    "action_time": "2023-08-01T09:17:51.956Z",
    "user": 2,
    "content_type": 11,
    "object_id": "1",
    "object_repr": "user - American Burger",
    "action_flag": 3,
    "change_message": ""
  }
},
{
  "model": "admin.logentry",
  "pk": 163,
  "fields": {
    "action_time": "2023-08-01T09:18:00.991Z",
    "user": 2,
    "content_type": 7,
    "object_id": "9",
    "object_repr": "('Traveling to Hamburg', 9)",
    "action_flag": 3,
    "change_message": ""
  }
},
{
  "model": "admin.logentry",
  "pk": 164,
  "fields": {
    "action_time": "2023-08-01T09:18:00.995Z",
    "user": 2,
    "content_type": 7,
    "object_id": "8",
    "object_repr": "('Dancing with Kai', 8)",
    "action_flag": 3,
    "change_message": ""
  }
},
{
  "model": "admin.logentry",
  "pk": 165,
  "fields": {
    "action_time": "2023-08-01T09:18:00.999Z",
    "user": 2,
    "content_type": 7,
    "object_id": "6",
    "object_repr": "('Supernatural Hike', 6)",
    "action_flag": 3,
    "change_message": ""
  }
},
{
  "model": "admin.logentry",
  "pk": 166,
  "fields": {
    "action_time": "2023-08-01T09:18:01.003Z",
    "user": 2,
    "content_type": 7,
    "object_id": "5",
    "object_repr": "('American Burger', 5)",
    "action_flag": 3,
    "change_message": ""
  }
},
{
  "model": "admin.logentry",
  "pk": 167,
  "fields": {
    "action_time": "2023-08-01T09:18:01.007Z",
    "user": 2,
    "content_type": 7,
    "object_id": "4",
    "object_repr": "('Fishing', 4)",
    "action_flag": 3,
    "change_message": ""
  }
},
{
  "model": "admin.logentry",
  "pk": 168,
  "fields": {
    "action_time": "2023-08-01T09:18:01.012Z",
    "user": 2,
    "content_type": 7,
    "object_id": "3",
    "object_repr": "('Hunting Monsters', 3)",
    "action_flag": 3,
    "change_message": ""
  }
},
{
  "model": "admin.logentry",
  "pk": 169,
  "fields": {
    "action_time": "2023-08-01T09:18:01.016Z",
    "user": 2,
    "content_type": 7,
    "object_id": "1",
    "object_repr": "('bla bla experience', 1)",
    "action_flag": 3,
    "change_message": ""
  }
},
{
  "model": "admin.logentry",
  "pk": 170,
  "fields": {
    "action_time": "2023-08-01T09:19:40.860Z",
    "user": 2,
    "content_type": 9,
    "object_id": "19",
    "object_repr": "Alexandra",
    "action_flag": 2,
    "change_message": "[{\"changed\": {\"fields\": [\"User bio\"]}}]"
  }
},
{
  "model": "admin.logentry",
  "pk": 171,
  "fields": {
    "action_time": "2023-08-01T10:24:02.824Z",
    "user": 2,
    "content_type": 7,
    "object_id": "10",
    "object_repr": "('Hiking in Vesterälen', 10)",
    "action_flag": 3,
    "change_message": ""
  }
},
{
  "model": "admin.logentry",
  "pk": 172,
  "fields": {
    "action_time": "2023-08-01T10:24:55.015Z",
    "user": 2,
    "content_type": 7,
    "object_id": "13",
    "object_repr": "('Hiking in Vesterälen', 13)",
    "action_flag": 1,
    "change_message": "[{\"added\": {}}]"
  }
},
{
  "model": "admin.logentry",
  "pk": 173,
  "fields": {
    "action_time": "2023-08-01T10:31:37.427Z",
    "user": 2,
    "content_type": 7,
    "object_id": "14",
    "object_repr": "('test', 14)",
    "action_flag": 1,
    "change_message": "[{\"added\": {}}]"
  }
},
{
  "model": "admin.logentry",
  "pk": 174,
  "fields": {
    "action_time": "2023-08-01T10:37:39.885Z",
    "user": 2,
    "content_type": 7,
    "object_id": "14",
    "object_repr": "('test', 14)",
    "action_flag": 3,
    "change_message": ""
  }
},
{
  "model": "admin.logentry",
  "pk": 175,
  "fields": {
    "action_time": "2023-08-01T10:57:16.368Z",
    "user": 2,
    "content_type": 4,
    "object_id": "25",
    "object_repr": "Allen",
    "action_flag": 1,
    "change_message": "[{\"added\": {}}]"
  }
},
{
  "model": "admin.logentry",
  "pk": 176,
  "fields": {
    "action_time": "2023-08-01T11:02:26.898Z",
    "user": 2,
    "content_type": 9,
    "object_id": "24",
    "object_repr": "Allen 25",
    "action_flag": 1,
    "change_message": "[{\"added\": {}}]"
  }
},
{
  "model": "admin.logentry",
  "pk": 177,
  "fields": {
    "action_time": "2023-08-01T11:06:07.964Z",
    "user": 2,
    "content_type": 7,
    "object_id": "15",
    "object_repr": "('A boat ride in Giethoorn', 15)",
    "action_flag": 1,
    "change_message": "[{\"added\": {}}]"
  }
},
{
  "model": "admin.logentry",
  "pk": 178,
  "fields": {
    "action_time": "2023-08-04T07:36:38.315Z",
    "user": 2,
    "content_type": 7,
    "object_id": "16",
    "object_repr": "('Rainbow in Utrecht', 16)",
    "action_flag": 1,
    "change_message": "[{\"added\": {}}]"
  }
},
{
  "model": "auth.permission",
  "pk": 1,
  "fields": {
    "name": "Can add log entry",
    "content_type": 1,
    "codename": "add_logentry"
  }
},
{
  "model": "auth.permission",
  "pk": 2,
  "fields": {
    "name": "Can change log entry",
    "content_type": 1,
    "codename": "change_logentry"
  }
},
{
  "model": "auth.permission",
  "pk": 3,
  "fields": {
    "name": "Can delete log entry",
    "content_type": 1,
    "codename": "delete_logentry"
  }
},
{
  "model": "auth.permission",
  "pk": 4,
  "fields": {
    "name": "Can view log entry",
    "content_type": 1,
    "codename": "view_logentry"
  }
},
{
  "model": "auth.permission",
  "pk": 5,
  "fields": {
    "name": "Can add permission",
    "content_type": 2,
    "codename": "add_permission"
  }
},
{
  "model": "auth.permission",
  "pk": 6,
  "fields": {
    "name": "Can change permission",
    "content_type": 2,
    "codename": "change_permission"
  }
},
{
  "model": "auth.permission",
  "pk": 7,
  "fields": {
    "name": "Can delete permission",
    "content_type": 2,
    "codename": "delete_permission"
  }
},
{
  "model": "auth.permission",
  "pk": 8,
  "fields": {
    "name": "Can view permission",
    "content_type": 2,
    "codename": "view_permission"
  }
},
{
  "model": "auth.permission",
  "pk": 9,
  "fields": {
    "name": "Can add group",
    "content_type": 3,
    "codename": "add_group"
  }
},
{
  "model": "auth.permission",
  "pk": 10,
  "fields": {
    "name": "Can change group",
    "content_type": 3,
    "codename": "change_group"
  }
},
{
  "model": "auth.permission",
  "pk": 11,
  "fields": {
    "name": "Can delete group",
    "content_type": 3,
    "codename": "delete_group"
  }
},
{
  "model": "auth.permission",
  "pk": 12,
  "fields": {
    "name": "Can view group",
    "content_type": 3,
    "codename": "view_group"
  }
},
{
  "model": "auth.permission",
  "pk": 13,
  "fields": {
    "name": "Can add user",
    "content_type": 4,
    "codename": "add_user"
  }
},
{
  "model": "auth.permission",
  "pk": 14,
  "fields": {
    "name": "Can change user",
    "content_type": 4,
    "codename": "change_user"
  }
},
{
  "model": "auth.permission",
  "pk": 15,
  "fields": {
    "name": "Can delete user",
    "content_type": 4,
    "codename": "delete_user"
  }
},
{
  "model": "auth.permission",
  "pk": 16,
  "fields": {
    "name": "Can view user",
    "content_type": 4,
    "codename": "view_user"
  }
},
{
  "model": "auth.permission",
  "pk": 17,
  "fields": {
    "name": "Can add content type",
    "content_type": 5,
    "codename": "add_contenttype"
  }
},
{
  "model": "auth.permission",
  "pk": 18,
  "fields": {
    "name": "Can change content type",
    "content_type": 5,
    "codename": "change_contenttype"
  }
},
{
  "model": "auth.permission",
  "pk": 19,
  "fields": {
    "name": "Can delete content type",
    "content_type": 5,
    "codename": "delete_contenttype"
  }
},
{
  "model": "auth.permission",
  "pk": 20,
  "fields": {
    "name": "Can view content type",
    "content_type": 5,
    "codename": "view_contenttype"
  }
},
{
  "model": "auth.permission",
  "pk": 21,
  "fields": {
    "name": "Can add session",
    "content_type": 6,
    "codename": "add_session"
  }
},
{
  "model": "auth.permission",
  "pk": 22,
  "fields": {
    "name": "Can change session",
    "content_type": 6,
    "codename": "change_session"
  }
},
{
  "model": "auth.permission",
  "pk": 23,
  "fields": {
    "name": "Can delete session",
    "content_type": 6,
    "codename": "delete_session"
  }
},
{
  "model": "auth.permission",
  "pk": 24,
  "fields": {
    "name": "Can view session",
    "content_type": 6,
    "codename": "view_session"
  }
},
{
  "model": "auth.permission",
  "pk": 25,
  "fields": {
    "name": "Can add experience",
    "content_type": 7,
    "codename": "add_experience"
  }
},
{
  "model": "auth.permission",
  "pk": 26,
  "fields": {
    "name": "Can change experience",
    "content_type": 7,
    "codename": "change_experience"
  }
},
{
  "model": "auth.permission",
  "pk": 27,
  "fields": {
    "name": "Can delete experience",
    "content_type": 7,
    "codename": "delete_experience"
  }
},
{
  "model": "auth.permission",
  "pk": 28,
  "fields": {
    "name": "Can view experience",
    "content_type": 7,
    "codename": "view_experience"
  }
},
{
  "model": "auth.permission",
  "pk": 29,
  "fields": {
    "name": "Can add experience tag",
    "content_type": 8,
    "codename": "add_experiencetag"
  }
},
{
  "model": "auth.permission",
  "pk": 30,
  "fields": {
    "name": "Can change experience tag",
    "content_type": 8,
    "codename": "change_experiencetag"
  }
},
{
  "model": "auth.permission",
  "pk": 31,
  "fields": {
    "name": "Can delete experience tag",
    "content_type": 8,
    "codename": "delete_experiencetag"
  }
},
{
  "model": "auth.permission",
  "pk": 32,
  "fields": {
    "name": "Can view experience tag",
    "content_type": 8,
    "codename": "view_experiencetag"
  }
},
{
  "model": "auth.permission",
  "pk": 33,
  "fields": {
    "name": "Can add user profile",
    "content_type": 9,
    "codename": "add_userprofile"
  }
},
{
  "model": "auth.permission",
  "pk": 34,
  "fields": {
    "name": "Can change user profile",
    "content_type": 9,
    "codename": "change_userprofile"
  }
},
{
  "model": "auth.permission",
  "pk": 35,
  "fields": {
    "name": "Can delete user profile",
    "content_type": 9,
    "codename": "delete_userprofile"
  }
},
{
  "model": "auth.permission",
  "pk": 36,
  "fields": {
    "name": "Can view user profile",
    "content_type": 9,
    "codename": "view_userprofile"
  }
},
{
  "model": "auth.permission",
  "pk": 37,
  "fields": {
    "name": "Can add traveler profile",
    "content_type": 10,
    "codename": "add_travelerprofile"
  }
},
{
  "model": "auth.permission",
  "pk": 38,
  "fields": {
    "name": "Can change traveler profile",
    "content_type": 10,
    "codename": "change_travelerprofile"
  }
},
{
  "model": "auth.permission",
  "pk": 39,
  "fields": {
    "name": "Can delete traveler profile",
    "content_type": 10,
    "codename": "delete_travelerprofile"
  }
},
{
  "model": "auth.permission",
  "pk": 40,
  "fields": {
    "name": "Can view traveler profile",
    "content_type": 10,
    "codename": "view_travelerprofile"
  }
},
{
  "model": "auth.permission",
  "pk": 41,
  "fields": {
    "name": "Can add review",
    "content_type": 11,
    "codename": "add_review"
  }
},
{
  "model": "auth.permission",
  "pk": 42,
  "fields": {
    "name": "Can change review",
    "content_type": 11,
    "codename": "change_review"
  }
},
{
  "model": "auth.permission",
  "pk": 43,
  "fields": {
    "name": "Can delete review",
    "content_type": 11,
    "codename": "delete_review"
  }
},
{
  "model": "auth.permission",
  "pk": 44,
  "fields": {
    "name": "Can view review",
    "content_type": 11,
    "codename": "view_review"
  }
},
{
  "model": "auth.permission",
  "pk": 45,
  "fields": {
    "name": "Can add booking",
    "content_type": 12,
    "codename": "add_booking"
  }
},
{
  "model": "auth.permission",
  "pk": 46,
  "fields": {
    "name": "Can change booking",
    "content_type": 12,
    "codename": "change_booking"
  }
},
{
  "model": "auth.permission",
  "pk": 47,
  "fields": {
    "name": "Can delete booking",
    "content_type": 12,
    "codename": "delete_booking"
  }
},
{
  "model": "auth.permission",
  "pk": 48,
  "fields": {
    "name": "Can view booking",
    "content_type": 12,
    "codename": "view_booking"
  }
},
{
  "model": "auth.permission",
  "pk": 49,
  "fields": {
    "name": "Can add region",
    "content_type": 13,
    "codename": "add_region"
  }
},
{
  "model": "auth.permission",
  "pk": 50,
  "fields": {
    "name": "Can change region",
    "content_type": 13,
    "codename": "change_region"
  }
},
{
  "model": "auth.permission",
  "pk": 51,
  "fields": {
    "name": "Can delete region",
    "content_type": 13,
    "codename": "delete_region"
  }
},
{
  "model": "auth.permission",
  "pk": 52,
  "fields": {
    "name": "Can view region",
    "content_type": 13,
    "codename": "view_region"
  }
},
{
  "model": "auth.permission",
  "pk": 53,
  "fields": {
    "name": "Can add booking",
    "content_type": 14,
    "codename": "add_booking"
  }
},
{
  "model": "auth.permission",
  "pk": 54,
  "fields": {
    "name": "Can change booking",
    "content_type": 14,
    "codename": "change_booking"
  }
},
{
  "model": "auth.permission",
  "pk": 55,
  "fields": {
    "name": "Can delete booking",
    "content_type": 14,
    "codename": "delete_booking"
  }
},
{
  "model": "auth.permission",
  "pk": 56,
  "fields": {
    "name": "Can view booking",
    "content_type": 14,
    "codename": "view_booking"
  }
},
{
  "model": "auth.permission",
  "pk": 57,
  "fields": {
    "name": "Can add booking",
    "content_type": 15,
    "codename": "add_booking"
  }
},
{
  "model": "auth.permission",
  "pk": 58,
  "fields": {
    "name": "Can change booking",
    "content_type": 15,
    "codename": "change_booking"
  }
},
{
  "model": "auth.permission",
  "pk": 59,
  "fields": {
    "name": "Can delete booking",
    "content_type": 15,
    "codename": "delete_booking"
  }
},
{
  "model": "auth.permission",
  "pk": 60,
  "fields": {
    "name": "Can view booking",
    "content_type": 15,
    "codename": "view_booking"
  }
},
{
  "model": "auth.user",
  "pk": 1,
  "fields": {
    "password": "pbkdf2_sha256$600000$ZEyGQgnI1kAmJPmgaGbo8B$GHV+qW1fvI15LY3He572ZYhSvymJqoj1RmYVWPQe6SY=",
    "last_login": "2023-06-28T08:20:48.348Z",
    "is_superuser": true,
    "username": "admin",
    "first_name": "",
    "last_name": "",
    "email": "admin@mail.com",
    "is_staff": true,
    "is_active": true,
    "date_joined": "2023-06-28T08:20:21.746Z",
    "groups": [],
    "user_permissions": []
  }
},
{
  "model": "auth.user",
  "pk": 2,
  "fields": {
    "password": "pbkdf2_sha256$600000$HQQ0wSDGzfGavsdkE0yVV0$W9HhVL2htsZpEHONEZr5BuIiFsMDB0DjJzTW5uUD4fM=",
    "last_login": "2023-08-04T08:28:51.212Z",
    "is_superuser": true,
    "username": "user",
    "first_name": "",
    "last_name": "",
    "email": "user@mail.com",
    "is_staff": true,
    "is_active": true,
    "date_joined": "2023-06-29T07:52:35.414Z",
    "groups": [],
    "user_permissions": []
  }
},
{
  "model": "auth.user",
  "pk": 3,
  "fields": {
    "password": "pbkdf2_sha256$600000$SlOWUCr7UBAvxVbiQfXq96$tUmK9RmrfOp3YwJ7u7YEHzCIhHP/ISzQK1g0RWz9wME=",
    "last_login": null,
    "is_superuser": false,
    "username": "user_test2",
    "first_name": "",
    "last_name": "",
    "email": "",
    "is_staff": false,
    "is_active": true,
    "date_joined": "2023-06-29T08:33:14.063Z",
    "groups": [],
    "user_permissions": []
  }
},
{
  "model": "auth.user",
  "pk": 5,
  "fields": {
    "password": "pbkdf2_sha256$600000$gTB7AQnVIn3sHMXMhpMcoS$WywFkM2QnOX4qrQzVnvkVZqNiBt0eNAOrAqRA5GR6sc=",
    "last_login": "2023-07-21T13:58:33.270Z",
    "is_superuser": false,
    "username": "Sam",
    "first_name": "Sam",
    "last_name": "Winchester",
    "email": "",
    "is_staff": false,
    "is_active": true,
    "date_joined": "2023-07-07T07:53:05Z",
    "groups": [],
    "user_permissions": []
  }
},
{
  "model": "auth.user",
  "pk": 6,
  "fields": {
    "password": "pbkdf2_sha256$600000$YCgwxJy7W00j8iZ0usTQtP$olBesDvd3ygKDkBRCciz+zpB5zaX4xmXzfINaGGeMGU=",
    "last_login": "2023-07-31T11:19:19.583Z",
    "is_superuser": false,
    "username": "Dean",
    "first_name": "Dean",
    "last_name": "Winchester",
    "email": "",
    "is_staff": false,
    "is_active": true,
    "date_joined": "2023-07-07T11:40:57Z",
    "groups": [],
    "user_permissions": []
  }
},
{
  "model": "auth.user",
  "pk": 8,
  "fields": {
    "password": "pbkdf2_sha256$600000$fFuWU3Kp61nmrBPFVLUs3o$JqrZkxkpZA+qr5bp3B/DBP1x5+w2FaZf7xMpcCRt0Xk=",
    "last_login": null,
    "is_superuser": false,
    "username": "aleks",
    "first_name": "",
    "last_name": "",
    "email": "aleks@mail.com",
    "is_staff": false,
    "is_active": true,
    "date_joined": "2023-07-12T11:40:45.933Z",
    "groups": [],
    "user_permissions": []
  }
},
{
  "model": "auth.user",
  "pk": 9,
  "fields": {
    "password": "pbkdf2_sha256$600000$BBep16hv24NlaTM8zGnioR$ZEqiVmbF1SHB8M8Clz8VaqcT9FKcRKQIXLF170ord/Y=",
    "last_login": "2023-07-31T07:28:17.937Z",
    "is_superuser": false,
    "username": "Kai",
    "first_name": "",
    "last_name": "",
    "email": "kai@mail.com",
    "is_staff": false,
    "is_active": true,
    "date_joined": "2023-07-21T13:29:47.576Z",
    "groups": [],
    "user_permissions": []
  }
},
{
  "model": "auth.user",
  "pk": 12,
  "fields": {
    "password": "pbkdf2_sha256$600000$fOmhUcTwEaWKEPtMJ0HGjA$NJSZ1ZdvqF7GgZHh9HcyMETFOOeUNpn1vvbO3XGY5tk=",
    "last_login": "2023-07-31T07:25:37.168Z",
    "is_superuser": false,
    "username": "Pepper",
    "first_name": "",
    "last_name": "",
    "email": "pepper@mail.com",
    "is_staff": false,
    "is_active": true,
    "date_joined": "2023-07-31T07:25:23.070Z",
    "groups": [],
    "user_permissions": []
  }
},
{
  "model": "auth.user",
  "pk": 19,
  "fields": {
    "password": "pbkdf2_sha256$600000$twenCqqGYnSxXmA0DLSdW8$M0dCvuY2je/IPuhVhK753XzddCZEFlbaOFYrA/GXBR4=",
    "last_login": "2023-08-08T09:25:53.491Z",
    "is_superuser": false,
    "username": "Alexandra",
    "first_name": "",
    "last_name": "",
    "email": "",
    "is_staff": false,
    "is_active": true,
    "date_joined": "2023-07-31T13:14:16.557Z",
    "groups": [],
    "user_permissions": []
  }
},
{
  "model": "auth.user",
  "pk": 20,
  "fields": {
    "password": "pbkdf2_sha256$600000$NUGpBacnusNmWoG0ADfchC$J6g0ks/EZXvZN7gM2uEYpycKzEmmMltVd11XAKftuK0=",
    "last_login": "2023-08-08T12:50:29.703Z",
    "is_superuser": false,
    "username": "Robin",
    "first_name": "",
    "last_name": "",
    "email": "",
    "is_staff": false,
    "is_active": true,
    "date_joined": "2023-07-31T13:15:51Z",
    "groups": [],
    "user_permissions": []
  }
},
{
  "model": "auth.user",
  "pk": 21,
  "fields": {
    "password": "pbkdf2_sha256$600000$HYR8rKqDnHL9EZPYRjM6Jx$jXuXa3yf53wChsmUC2J/xi0MsUuP+h9LjZJKLXnisPg=",
    "last_login": "2023-08-08T09:25:27.293Z",
    "is_superuser": false,
    "username": "Sage",
    "first_name": "",
    "last_name": "",
    "email": "",
    "is_staff": false,
    "is_active": true,
    "date_joined": "2023-07-31T13:16:58Z",
    "groups": [],
    "user_permissions": []
  }
},
{
  "model": "auth.user",
  "pk": 22,
  "fields": {
    "password": "pbkdf2_sha256$600000$DeIhF2kkRXKj6jv3aZLfQt$DXifQwZCHVek2h4B7bPUdXY1/P+7JrTZq5TMLT2sQ9s=",
    "last_login": "2023-08-01T08:07:52.387Z",
    "is_superuser": false,
    "username": "hotlocal",
    "first_name": "",
    "last_name": "",
    "email": "hotlocal@mail.com",
    "is_staff": false,
    "is_active": true,
    "date_joined": "2023-08-01T08:07:39.152Z",
    "groups": [],
    "user_permissions": []
  }
},
{
  "model": "auth.user",
  "pk": 23,
  "fields": {
    "password": "pbkdf2_sha256$600000$szugQdeNlAIiTbIEhsfsva$KTZlHELXHYDvkMNDQY6f91xN9kQhoGLzTBSxiTddA4Q=",
    "last_login": "2023-08-08T09:30:47.517Z",
    "is_superuser": false,
    "username": "Hiro",
    "first_name": "",
    "last_name": "",
    "email": "",
    "is_staff": false,
    "is_active": true,
    "date_joined": "2023-08-01T08:56:15.014Z",
    "groups": [],
    "user_permissions": []
  }
},
{
  "model": "auth.user",
  "pk": 24,
  "fields": {
    "password": "pbkdf2_sha256$600000$iwML1CkmYKM4WIeDVan2B7$2kzXnxyPspToA7ltgVX+YWkQkzCcfp1IdYYW7paKuyI=",
    "last_login": "2023-08-03T12:28:48.185Z",
    "is_superuser": false,
    "username": "Nina",
    "first_name": "",
    "last_name": "",
    "email": "",
    "is_staff": false,
    "is_active": true,
    "date_joined": "2023-08-01T09:06:37.719Z",
    "groups": [],
    "user_permissions": []
  }
},
{
  "model": "auth.user",
  "pk": 25,
  "fields": {
    "password": "pbkdf2_sha256$600000$xATF3YkRuhE6uov5N2B9ND$bGIy3T/9tE3eDay39gdVUFbT83sW9O7+SVEUrhqr8Yk=",
    "last_login": null,
    "is_superuser": false,
    "username": "Allen",
    "first_name": "",
    "last_name": "",
    "email": "",
    "is_staff": false,
    "is_active": true,
    "date_joined": "2023-08-01T10:57:16.011Z",
    "groups": [],
    "user_permissions": []
  }
},
{
  "model": "contenttypes.contenttype",
  "pk": 1,
  "fields": {
    "app_label": "admin",
    "model": "logentry"
  }
},
{
  "model": "contenttypes.contenttype",
  "pk": 2,
  "fields": {
    "app_label": "auth",
    "model": "permission"
  }
},
{
  "model": "contenttypes.contenttype",
  "pk": 3,
  "fields": {
    "app_label": "auth",
    "model": "group"
  }
},
{
  "model": "contenttypes.contenttype",
  "pk": 4,
  "fields": {
    "app_label": "auth",
    "model": "user"
  }
},
{
  "model": "contenttypes.contenttype",
  "pk": 5,
  "fields": {
    "app_label": "contenttypes",
    "model": "contenttype"
  }
},
{
  "model": "contenttypes.contenttype",
  "pk": 6,
  "fields": {
    "app_label": "sessions",
    "model": "session"
  }
},
{
  "model": "contenttypes.contenttype",
  "pk": 7,
  "fields": {
    "app_label": "user_app",
    "model": "experience"
  }
},
{
  "model": "contenttypes.contenttype",
  "pk": 8,
  "fields": {
    "app_label": "user_app",
    "model": "experiencetag"
  }
},
{
  "model": "contenttypes.contenttype",
  "pk": 9,
  "fields": {
    "app_label": "user_app",
    "model": "userprofile"
  }
},
{
  "model": "contenttypes.contenttype",
  "pk": 10,
  "fields": {
    "app_label": "user_app",
    "model": "travelerprofile"
  }
},
{
  "model": "contenttypes.contenttype",
  "pk": 11,
  "fields": {
    "app_label": "user_app",
    "model": "review"
  }
},
{
  "model": "contenttypes.contenttype",
  "pk": 12,
  "fields": {
    "app_label": "user_app",
    "model": "booking"
  }
},
{
  "model": "contenttypes.contenttype",
  "pk": 13,
  "fields": {
    "app_label": "user_app",
    "model": "region"
  }
},
{
  "model": "contenttypes.contenttype",
  "pk": 14,
  "fields": {
    "app_label": "match_app",
    "model": "booking"
  }
},
{
  "model": "contenttypes.contenttype",
  "pk": 15,
  "fields": {
    "app_label": "search_app",
    "model": "booking"
  }
},
{
  "model": "sessions.session",
  "pk": "cxgu7nmidsfv221wzts0y1kxmfs6g4qf",
  "fields": {
    "session_data": ".eJxVjDsOwjAQBe_iGlmOP7sxJX3OYPmzxgFkS3FSIe5OIqWAdmbeezPnt7W4rdPi5sSuTAp2-YXBxyfVw6SHr_fGY6vrMgd-JPy0nU8t0et2tn8Hxfeyr0cQVmESQREhapJx0JAT-dFk8FJlC0AhRoQIGg0O1maQGHaIRqBlny8DqzfQ:1qTMAP:XpWDKtq7Zw1JspymeUyUNkJq1D5miuqEwdjwDdSDz1s",
    "expire_date": "2023-08-22T12:50:29.710Z"
  }
},
{
  "model": "sessions.session",
  "pk": "d5wo9vgph0w2syu2rz05mkmkt2xdl8yf",
  "fields": {
    "session_data": ".eJxVjEEOwiAQAP_C2ZCFshQ9evcNBJZFqgaS0p6MfzckPeh1ZjJv4cO-Fb93Xv2SxEUocfplMdCT6xDpEeq9SWp1W5coRyIP2-WtJX5dj_ZvUEIvY2sMIhpUjMpaF7QOoJMjAGNnRxFgYjgDRZoTsFWZJpMhR-csEeooPl-qIDcm:1qEQPw:UoB0fYpzgj0LzLPzvLkwkMvaxqL82Tbs3euMTLkhMPI",
    "expire_date": "2023-07-12T08:20:48.356Z"
  }
},
{
  "model": "sessions.session",
  "pk": "xm4exs1tpjxl6udf2q4ny8mir3qqw63g",
  "fields": {
    "session_data": ".eJxVjEEOwiAQRe_C2hAccACX7nuGhmFGqRpISrsy3l2bdKHb_977LzWmdSnj2mUeJ1ZnBVYdfkdK-SF1I3xP9dZ0bnWZJ9Kbonfa9dBYnpfd_TsoqZdvLZj5iJLZGfEUrRUm8AjOnihjIIM-R3RgiTFcveMIEKKLUbw1gZN6fwAQ_zfF:1qTJ39:VfE0t8KhzYWUfSRNaUMWOvTC4FrZTu7mxZiJWZ2HJzI",
    "expire_date": "2023-08-22T09:30:47.523Z"
  }
},
{
  "model": "user_app.userprofile",
  "pk": 1,
  "fields": {
    "user": 2,
    "location": "Berlin",
    "user_profile_image": "profile_pics/6ympmm.jpg",
    "user_bio": "This is the admin account",
    "user_permissions": [],
    "groups": []
  }
},
{
  "model": "user_app.userprofile",
  "pk": 2,
  "fields": {
    "user": 3,
    "location": "Copenagh",
    "user_profile_image": "profile_pics/github.png",
    "user_bio": "Insert bio",
    "user_permissions": [],
    "groups": []
  }
},
{
  "model": "user_app.userprofile",
  "pk": 4,
  "fields": {
    "user": 5,
    "location": "US",
    "user_profile_image": "user_app/profile_pics/Sam_Winchester_1_jWZEWvj.jpg",
    "user_bio": "\"Hey there, I'm Sam Winchester. I've been on countless adventures hunting supernatural creatures alongside my brother, Dean. As a seasoned hunter, I've faced demons, ghosts, and even angels. It's a tough and dangerous life, but the thrill of the hunt keeps me going. Together with Dean, we've saved the world more times than I can count. When I'm not hunting, you'll probably find me buried in research, trying to uncover the next big supernatural threat. Hunting runs in my blood, and I won't rest until every evil thing is vanquished. Ready to join me on this wild ride?\"",
    "user_permissions": [],
    "groups": []
  }
},
{
  "model": "user_app.userprofile",
  "pk": 5,
  "fields": {
    "user": 6,
    "location": "USA",
    "user_profile_image": "user_app/profile_pics/DeanWinchester.png",
    "user_bio": "\"Hey there, I'm Dean Winchester. I'm a skilled hunter with a taste for classic rock and a love for my trusty Impala. I've been hunting monsters and saving people alongside my brother, Sam, for as long as I can remember. Life on the road is tough, but I thrive in the thrill of the hunt. I've faced everything from vampires to werewolves to the occasional demon. I've got a quick wit, a sarcastic sense of humor, and a deep loyalty to my family. When I'm not hunting, you'll probably find me indulging in some good food or belting out tunes in the car. Saving the world isn't easy, but it's what I was born to do. So grab your gear and join me on the never-ending hunt for the things that go bump in the night. Let's kick some supernatural butt and raise a glass to the Winchester legacy!\"",
    "user_permissions": [],
    "groups": []
  }
},
{
  "model": "user_app.userprofile",
  "pk": 7,
  "fields": {
    "user": 8,
    "location": "hamburg",
    "user_profile_image": "user_app/profile_pics/photo-1502920514313-52581002a659.jpeg",
    "user_bio": "Insert bio",
    "user_permissions": [],
    "groups": []
  }
},
{
  "model": "user_app.userprofile",
  "pk": 8,
  "fields": {
    "user": 9,
    "location": "Leipzig",
    "user_profile_image": "",
    "user_bio": "Hey there, I'm Kai from Leipzig, and I'm all about that hiking life! You'll often find me venturing through the picturesque trails and lush forests, seeking refuge from the chaos of everyday life. Hiking is my escape, my solace, and my sanctuary.  Now, don't let my love for nature fool you. I may be surrounded by stunning landscapes, but I'm always simmering with a fiery passion that sometimes comes across as anger. Some might say I have a short fuse, but honestly, it's just the intensity of my emotions shining through.  Leipzig is my beloved hometown, and I'm proud to call it home. The city's vibrant culture, history, and artistic flair offer a unique backdrop to my outdoor adventures. But it's when I hit the trails that I truly come alive, finding tranquility in the rhythm of my footsteps and the whisper of the wind.  Hiking is not just a hobby for me; it's a way of life. Every summit conquered, every valley explored, fuels my determination to keep pushing forward, even when life gets tough. Nature is my therapist, and with each step, I release the pent-up frustrations that often reside within me.  So, if you ever spot a fierce hiker storming through the trails of Leipzig with a look of determination and a touch of agitation, that's probably me, Kai. Just know that beneath the seemingly tough exterior lies a soul seeking balance, peace, and the exhilarating freedom that only nature can provide.",
    "user_permissions": [],
    "groups": []
  }
},
{
  "model": "user_app.userprofile",
  "pk": 11,
  "fields": {
    "user": 12,
    "location": "",
    "user_profile_image": "",
    "user_bio": "Insert bio",
    "user_permissions": [],
    "groups": []
  }
},
{
  "model": "user_app.userprofile",
  "pk": 18,
  "fields": {
    "user": 21,
    "location": "Norway",
    "user_profile_image": "user_app/profile_pics/sage.jpg",
    "user_bio": "Hey there!\r\n\r\nI'm Sage, an avid adventurer and nature enthusiast. 🌿🌏 From a young age, I developed an insatiable curiosity for exploring the world around me. Hiking through breathtaking landscapes and uncovering hidden gems became my passion.\r\n\r\nWith boundless energy and a heart full of wanderlust, I've journeyed through various terrains, from lush forests to majestic mountains. The thrill of discovering lesser-known places and experiencing different cultures fills me with joy.\r\n\r\nNow, I'm thrilled to share my love for the outdoors with fellow explorers like you! As your guide, I promise to lead you on unforgettable adventures, weaving stories and creating cherished memories together.\r\n\r\nSo, join me as we embark on incredible journeys and embrace the beauty of nature. Let's connect, laugh, and make the most of every moment. See you on our next thrilling escapade! 🚶‍♂️🌄🌌",
    "user_permissions": [],
    "groups": []
  }
},
{
  "model": "user_app.userprofile",
  "pk": 19,
  "fields": {
    "user": 19,
    "location": "USA",
    "user_profile_image": "user_app/profile_pics/alexandra.jpg",
    "user_bio": "Hey there!\r\n\r\nI'm Alexandra, a vibrant young woman hailing from the bustling streets of New York City. 🗽🌆 Music flows through my veins, and wherever I go, I can't resist exploring the local arts scene to its fullest!\r\n\r\nAs a passionate music lover, you'll often find me dancing to the rhythm of diverse melodies, from jazz clubs in the heart of Manhattan to hidden indie venues in far-flung corners of the world. There's something magical about the way music transcends language and brings people together.\r\n\r\nBut my love for the arts doesn't stop there! When I travel, I make it a mission to dive deep into the local artistic tapestry. Whether it's street art that adorns city walls or traditional crafts passed down through generations, I find joy in connecting with the creativity of each place I visit.\r\n\r\nFrom the vibrant markets of Marrakech to the serene galleries of Tokyo, I seek out the hidden gems and the authentic expressions of culture. Through art, I unravel the stories of a place, its people, and its soul.",
    "user_permissions": [],
    "groups": []
  }
},
{
  "model": "user_app.userprofile",
  "pk": 20,
  "fields": {
    "user": 20,
    "location": "UK",
    "user_profile_image": "user_app/profile_pics/robin.jpg",
    "user_bio": "Hey, lovely folks!\r\n\r\nI'm Robin, a spirited young guy hailing from the vibrant UK! 🇬🇧 As a curious adventurer and food enthusiast, I'm always on a quest to try the most delicious local dishes wherever I go.\r\n\r\nFrom savoring traditional fish and chips by the seaside to exploring hidden food gems in charming villages, my taste buds are in for an exciting ride! There's something magical about connecting with people through their flavors and culinary traditions.\r\n\r\nI believe that food is not just about nourishment; it's a gateway to understanding different cultures and embracing new experiences. So, you'll often find me chatting with locals, eager to learn their cooking secrets and the stories behind their recipes.\r\n\r\nJoin me on my food-filled escapades, as we dive into the world of delectable treats and delightful encounters. Together, we'll create a feast of memories that'll last a lifetime! 🍔🌮🍜 Let's embark on this scrumptious journey!",
    "user_permissions": [],
    "groups": []
  }
},
{
  "model": "user_app.userprofile",
  "pk": 21,
  "fields": {
    "user": 22,
    "location": "Hamburg",
    "user_profile_image": "user_app/profile_pics/WhatsApp_Image_2023-08-01_at_08.47.38.jpeg",
    "user_bio": "I love whiskey",
    "user_permissions": [],
    "groups": []
  }
},
{
  "model": "user_app.userprofile",
  "pk": 22,
  "fields": {
    "user": 23,
    "location": "Japan, Kyoto",
    "user_profile_image": "user_app/profile_pics/takashi-miyazaki-iCvqnJgMchs-unsplash.jpg",
    "user_bio": "Hello there!\r\n\r\nI'm Hiro, a passionate soul from Japan who has an insatiable love for both food and the arts! 🎨🍜 From a young age, I found myself drawn to the culinary wonders and creative expressions that surround us.\r\n\r\nAs a self-proclaimed foodie, I take immense pleasure in exploring the diverse flavors and culinary traditions that my country and the world have to offer. From savoring the delicate nuances of traditional Japanese cuisine to relishing global delicacies, my taste buds are on a delightful adventure.\r\n\r\nBut my love for the arts doesn't end there! I find myself equally captivated by the rich tapestry of creative expressions – be it in the form of paintings, music, or dance. The beauty of artistic expression enriches my soul and inspires me to see the world through a different lens.",
    "user_permissions": [],
    "groups": []
  }
},
{
  "model": "user_app.userprofile",
  "pk": 23,
  "fields": {
    "user": 24,
    "location": "Poland",
    "user_profile_image": "user_app/profile_pics/Nina.jpg",
    "user_bio": "Cześć!\r\n\r\nI'm Nina, a spirited Polish woman with an unwavering love for all things immersed in nature! 🌳🌿 From the rolling hills to the serene lakes, I find solace and adventure in the great outdoors.\r\n\r\nWhether it's hiking through lush forests, camping under the starry sky, or simply relishing the peacefulness of nature's embrace, count me in! There's something magical about connecting with the earth and feeling the rhythm of life around me.\r\n\r\nAnd guess what? My passion for archery adds an extra thrill to my nature-filled adventures! Drawing the bow, feeling the tension, and releasing the arrow with precision makes me feel like a part of the wild world around me.\r\n\r\nAs an avid explorer, I believe that every activity gains a whole new dimension when nature is our playground. From birdwatching to stargazing, from picnicking in picturesque meadows to kayaking along gentle rivers – the possibilities are endless!",
    "user_permissions": [],
    "groups": []
  }
},
{
  "model": "user_app.userprofile",
  "pk": 24,
  "fields": {
    "user": 25,
    "location": "The Netherlands, Amsterdam",
    "user_profile_image": "user_app/profile_pics/allen-taylor-QW9W92SdJ54-unsplash.jpg",
    "user_bio": "Hey there!\r\n\r\nI'm Allen, and together with my partner Taylor, we are an adventurous duo from the vibrant city of Amsterdam! 🌷✈️ We share an insatiable passion for travel and a deep fascination for exploring the rich tapestry of cultures that the world has to offer.\r\n\r\nOne of our favorite things to do while traveling is visiting castles that stand as majestic testaments to history's grandeur. From the fairy-tale castles of Europe to the ancient fortresses of Asia, we find ourselves captivated by the stories these architectural wonders hold.\r\n\r\nNature beckons us with its allure, and we can't resist going on thrilling hikes wherever we go. Whether it's wandering through lush forests or conquering challenging trails that lead to breathtaking vistas, we feel most alive when embraced by the great outdoors.\r\n\r\nAs we journey through new lands, we have developed an appreciation for the unique architecture that defines each place's character. The intricate details and designs that adorn buildings tell the tales of their past and present, and we love to soak in every bit of it.\r\n\r\nHowever, the heart of our travel experiences lies in the connections we make with people from different cultures. Be it a warm welcome from a local host or laughter shared with fellow travelers, we believe that these human connections are what truly enrich our journeys.\r\n\r\nSo, if you're up for exciting adventures, castle explorations, invigorating hikes, and immersing yourself in the beauty of diverse architecture, join Taylor and me on our global escapades. Let's create unforgettable memories and cherish the moments that celebrate the boundless beauty of our world. 🏰🚶‍♂️🏞️",
    "user_permissions": [],
    "groups": []
  }
},
{
  "model": "user_app.experiencetag",
  "pk": 1,
  "fields": {
    "tag_name": "surfing"
  }
},
{
  "model": "user_app.experiencetag",
  "pk": 2,
  "fields": {
    "tag_name": "supernatural"
  }
},
{
  "model": "user_app.experiencetag",
  "pk": 3,
  "fields": {
    "tag_name": "Indigenous Culture"
  }
},
{
  "model": "user_app.experiencetag",
  "pk": 4,
  "fields": {
    "tag_name": "Traditional Crafts"
  }
},
{
  "model": "user_app.experiencetag",
  "pk": 5,
  "fields": {
    "tag_name": "Local Cuisine"
  }
},
{
  "model": "user_app.experiencetag",
  "pk": 6,
  "fields": {
    "tag_name": "Wildlife Safari"
  }
},
{
  "model": "user_app.experiencetag",
  "pk": 7,
  "fields": {
    "tag_name": "Cultural Festival"
  }
},
{
  "model": "user_app.experiencetag",
  "pk": 8,
  "fields": {
    "tag_name": "Historical Landmark"
  }
},
{
  "model": "user_app.experiencetag",
  "pk": 9,
  "fields": {
    "tag_name": "Adventure Trekking"
  }
},
{
  "model": "user_app.experiencetag",
  "pk": 10,
  "fields": {
    "tag_name": "Homestay"
  }
},
{
  "model": "user_app.experiencetag",
  "pk": 11,
  "fields": {
    "tag_name": "Traditional Music and Dance"
  }
},
{
  "model": "user_app.experiencetag",
  "pk": 12,
  "fields": {
    "tag_name": "Artisanal Workshops"
  }
},
{
  "model": "user_app.experiencetag",
  "pk": 13,
  "fields": {
    "tag_name": "Off-the-Beaten-Path"
  }
},
{
  "model": "user_app.experiencetag",
  "pk": 14,
  "fields": {
    "tag_name": "Rural Farming Experience"
  }
},
{
  "model": "user_app.experiencetag",
  "pk": 15,
  "fields": {
    "tag_name": "Traditional Healing Practices"
  }
},
{
  "model": "user_app.experiencetag",
  "pk": 16,
  "fields": {
    "tag_name": "Ethnobotany"
  }
},
{
  "model": "user_app.experiencetag",
  "pk": 17,
  "fields": {
    "tag_name": "Traditional Sports and Games"
  }
},
{
  "model": "user_app.experiencetag",
  "pk": 18,
  "fields": {
    "tag_name": "Heritage Trails"
  }
},
{
  "model": "user_app.experiencetag",
  "pk": 19,
  "fields": {
    "tag_name": "Indigenous Ceremonies"
  }
},
{
  "model": "user_app.experiencetag",
  "pk": 20,
  "fields": {
    "tag_name": "Spiritual Retreats"
  }
},
{
  "model": "user_app.experiencetag",
  "pk": 21,
  "fields": {
    "tag_name": "Cultural Workshops"
  }
},
{
  "model": "user_app.experiencetag",
  "pk": 22,
  "fields": {
    "tag_name": "Tribal Villages"
  }
},
{
  "model": "user_app.experiencetag",
  "pk": 23,
  "fields": {
    "tag_name": "Traditional Fishing"
  }
},
{
  "model": "user_app.experiencetag",
  "pk": 24,
  "fields": {
    "tag_name": "Traditional Textile Weaving"
  }
},
{
  "model": "user_app.experiencetag",
  "pk": 25,
  "fields": {
    "tag_name": "Culinary Experiences"
  }
},
{
  "model": "user_app.experiencetag",
  "pk": 26,
  "fields": {
    "tag_name": "Tribal Dance Performances"
  }
},
{
  "model": "user_app.experiencetag",
  "pk": 27,
  "fields": {
    "tag_name": "Traditional Boat Rides"
  }
},
{
  "model": "user_app.experiencetag",
  "pk": 28,
  "fields": {
    "tag_name": "Local Farm Visits"
  }
},
{
  "model": "user_app.experiencetag",
  "pk": 29,
  "fields": {
    "tag_name": "Traditional Medicinal Practices"
  }
},
{
  "model": "user_app.experiencetag",
  "pk": 30,
  "fields": {
    "tag_name": "Indigenous Language Lessons"
  }
},
{
  "model": "user_app.experiencetag",
  "pk": 31,
  "fields": {
    "tag_name": "Artisanal Food Markets"
  }
},
{
  "model": "user_app.experiencetag",
  "pk": 32,
  "fields": {
    "tag_name": "Traditional Martial Arts"
  }
},
{
  "model": "user_app.experiencetag",
  "pk": 33,
  "fields": {
    "tag_name": "Surfing and Water Sports"
  }
},
{
  "model": "user_app.experiencetag",
  "pk": 34,
  "fields": {
    "tag_name": "Traditional Archery"
  }
},
{
  "model": "user_app.experiencetag",
  "pk": 35,
  "fields": {
    "tag_name": "Local Fishing Techniques"
  }
},
{
  "model": "user_app.experiencetag",
  "pk": 36,
  "fields": {
    "tag_name": "Traditional Calligraphy Workshop"
  }
},
{
  "model": "user_app.experiencetag",
  "pk": 37,
  "fields": {
    "tag_name": "Traditional Ceremony"
  }
},
{
  "model": "user_app.region",
  "pk": 1,
  "fields": {
    "region_name": "dummy_region",
    "region_desc": "Hi I am the dummy region"
  }
},
{
  "model": "user_app.region",
  "pk": 2,
  "fields": {
    "region_name": "dummy_region2",
    "region_desc": "i am the dummy region 2"
  }
},
{
  "model": "user_app.region",
  "pk": 3,
  "fields": {
    "region_name": "Japan",
    "region_desc": "Region of Japan"
  }
},
{
  "model": "user_app.region",
  "pk": 4,
  "fields": {
    "region_name": "Poland",
    "region_desc": "Region of Poland"
  }
},
{
  "model": "user_app.experience",
  "pk": 11,
  "fields": {
    "host": 22,
    "title": "Japanese tea ceremony",
    "description": "Hello, fellow adventurers!\r\n\r\nI'm Hiro, a young Japanese man eager to share the essence of Kyoto's traditions with you. 🍵✨ Step into the heart of Japan's cultural heritage and join me for an intimate and authentic traditional tea ceremony.\r\n\r\nIn the serene ambiance of a tranquil tea room, we'll embark on a journey that goes beyond a simple beverage. The art of tea-making holds deep symbolism, embodying harmony, respect, purity, and tranquility.\r\n\r\nAs the fragrance of freshly brewed matcha fills the air, we'll embrace the artful choreography of every gesture – from the precise preparation to the graceful serving. It's a dance of tradition, connecting us to centuries of wisdom.\r\n\r\nYou'll witness the meticulous craftsmanship of handmade tea utensils and experience the genuine warmth of Japanese hospitality. Immerse yourself in the moment as we exchange stories and create a bond that transcends cultural boundaries.",
    "start_date": "2023-08-01",
    "end_date": "2023-08-01",
    "price": "20.00",
    "region": 3,
    "experience_image": "experience_pics/tea_ceremony.jpg",
    "experience_tags": [
      37
    ]
  }
},
{
  "model": "user_app.experience",
  "pk": 12,
  "fields": {
    "host": 23,
    "title": "Traditional archery",
    "description": "Witaj!\r\n\r\nWelcome to the enchanting world of Polish traditional archery, hosted by yours truly, Nina! 🏹✨ Immerse yourself in a centuries-old art that echoes the echoes of Polish history and culture.\r\n\r\nIn the heart of nature's embrace, we'll embark on a journey back in time to experience the ancient techniques and wisdom of Polish archery. As we draw the bow and release the arrow, you'll feel a profound connection to the land and its heritage.\r\n\r\nOur adventure begins with an introduction to the traditional bows and arrows used by our ancestors. I'll guide you through the proper stance, grip, and aim, ensuring that you feel confident and ready to hit the target.",
    "start_date": "2023-08-01",
    "end_date": "2023-08-01",
    "price": "47.00",
    "region": 4,
    "experience_image": "experience_pics/Horseback-archery.jpg",
    "experience_tags": [
      9,
      34
    ]
  }
},
{
  "model": "user_app.experience",
  "pk": 13,
  "fields": {
    "host": 18,
    "title": "Hiking in Vesterälen",
    "description": "Hello explorers!\r\n\r\nI'm Sage, and I've crafted a dreamy adventure just for you - Hiking in Vesterålen! 🏔️🌊 This hidden gem is the quieter, less touristy version of the famous Lofoten Islands, and it's nestled just north of them in the breathtaking landscapes of northern Norway.\r\n\r\nImagine hiking through untouched wilderness, breathing in the crisp, pure air, and soaking in the awe-inspiring beauty of Vesterålen's rugged mountains and serene coastlines. It's a nature lover's paradise!\r\n\r\nAs your guide, I'll lead you to the most picturesque trails and secret spots, where you'll witness stunning vistas and capture unforgettable memories.\r\n\r\nWhether you're an experienced hiker or a nature enthusiast seeking tranquility, this adventure is tailor-made for you. Let's escape the hustle and bustle, and together, let's embrace the true essence of Vesterålen.\r\n\r\nSo, don your hiking boots, pack your sense of wonder, and join me on this unforgettable journey. Book your spot now,!",
    "start_date": "2023-08-01",
    "end_date": "2023-08-01",
    "price": "65.00",
    "region": 1,
    "experience_image": "experience_pics/reine-norway-hgr-160809_1920-photo_getty_images_tCroDYq.jpg",
    "experience_tags": [
      9,
      13
    ]
  }
},
{
  "model": "user_app.experience",
  "pk": 15,
  "fields": {
    "host": 24,
    "title": "A boat ride in Giethoorn",
    "description": "Hey everyone!\r\n\r\nI'm Allen, and I'm thrilled to host an unforgettable boat ride experience through the enchanting canals of Giethoorn in the Netherlands! 🚤🌷\r\n\r\nGiethoorn, often referred to as the \"Venice of the Netherlands,\" is a picturesque village adorned with charming thatched-roof houses, quaint bridges, and tranquil waterways. It's a hidden gem that's straight out of a fairy tale!\r\n\r\nWe'll gently glide through the meandering canals, taking in the idyllic scenery and the peaceful ambiance. Along the way, I'll share intriguing stories and fascinating facts about the village's history, culture, and local traditions.\r\n\r\nBut it's not just about sightseeing; we'll also have plenty of opportunities to interact with the friendly locals who call Giethoorn home. You'll get a taste of the authentic Dutch lifestyle as we pass by charming waterside cafes and traditional wooden boats.\r\n\r\nSo, come aboard and let's embark on this magical journey through the canals of Giethoorn together!",
    "start_date": "2023-08-01",
    "end_date": "2023-08-01",
    "price": "30.00",
    "region": 1,
    "experience_image": "experience_pics/netherlands.jpg",
    "experience_tags": [
      8,
      25
    ]
  }
},
{
  "model": "user_app.experience",
  "pk": 16,
  "fields": {
    "host": 24,
    "title": "Rainbow in Utrecht",
    "description": "Join me, Allen, your friendly host, on an unforgettable journey to explore Utrecht's enchanting Rainbow Houses!\r\n\r\nWe'll start at the colorful Oudegracht canal, where vibrant houses reflect in the water, creating a mesmerizing sight. Next, we'll head to Amelisweerd, a serene park, to discover more hidden rainbow houses amidst nature.\r\n\r\nMeet local artists who bring life to these houses with their creativity. And don't forget to indulge in some delicious Dutch treats at a cozy café.\r\n\r\nBook now for a fun-filled and colorful adventure in Utrecht! Suitable for all ages and fitness levels.\r\n\r\nSee you soon!",
    "start_date": "2023-08-04",
    "end_date": "2023-08-04",
    "price": "20.00",
    "region": 1,
    "experience_image": "experience_pics/Screenshot_from_2023-08-04_09-35-04.png",
    "experience_tags": [
      7
    ]
  }
},
{
  "model": "user_app.experience",
  "pk": 17,
  "fields": {
    "host": 20,
    "title": "aa",
    "description": "aa",
    "start_date": "2023-08-04",
    "end_date": "2023-08-04",
    "price": "35.00",
    "region": 1,
    "experience_image": "experience_pics/Screenshot_from_2023-08-04_09-35-04_8Mtx8l2.png",
    "experience_tags": []
  }
},
{
  "model": "user_app.experience",
  "pk": 18,
  "fields": {
    "host": 20,
    "title": "Currywurst Museum",
    "description": "Come explore the Currywurst Museum together to learn about a one of kind culinary experience! Afterwards, I will treat you to a wonderful city special as we walk around Alexanderplatz.\r\n\r\nJawohl!",
    "start_date": "2023-08-04",
    "end_date": "2023-08-04",
    "price": "12.00",
    "region": 1,
    "experience_image": "experience_pics/berliner-currysauce.jpg",
    "experience_tags": []
  }
},
{
  "model": "user_app.review",
  "pk": 12,
  "fields": {
    "author": 20,
    "listing": 15,
    "rating": 5,
    "comment": "Wow! What an incredible experience we had with Allen during the boat ride through the canals of Giethoorn! From start to finish, everything was simply magical.\r\n\r\nThe picturesque village of Giethoorn is a hidden gem, and Allen's expert guidance and warm personality made the journey even more special. His knowledge about the history and culture of the place added a delightful touch to the boat ride.\r\n\r\nThe canals themselves were a sight to behold, with the serene waters reflecting the lush greenery and charming houses. We felt like we were in a fairy tale!\r\n\r\nAllen's friendly demeanor and passion for sharing his love for Giethoorn truly shone through. We enjoyed every moment of the boat ride, and the interactions with the locals were a lovely bonus.\r\n\r\nThis experience was truly a highlight of our trip, and we can't thank Allen enough for creating such a memorable outing. If you're ever in Giethoorn, don't miss the chance to join Allen on his boat ride. It's an absolute must-do!\r\n\r\nHighly recommended - five stars all the way! ⭐⭐⭐⭐⭐"
  }
},
{
  "model": "user_app.review",
  "pk": 13,
  "fields": {
    "author": 18,
    "listing": 12,
    "rating": 4,
    "comment": "I recently had the pleasure of trying the \"Horseback Traditional Archery\" activity organized by Nina during my vacation in Poland, and it was an exciting and unique experience!\r\n\r\nThe combination of horseback riding and archery was truly thrilling, and it allowed me to connect with nature in a whole new way. Nina's passion for archery was evident, and her guidance throughout the activity made me feel safe and supported.\r\n\r\nHowever, I must admit that I was a bit nervous about the horse riding part, as I'm not the most experienced rider. But Nina's patience and encouragement helped me overcome my fears, and I ended up enjoying the ride more than I expected.\r\n\r\nThe opportunity to practice archery while riding a horse was an unforgettable adventure, and it added an extra layer of excitement to the whole experience. The scenic surroundings and the tranquil setting made the activity even more enjoyable.\r\n\r\nWhile I thoroughly enjoyed the activity, I'm giving it four stars because of my initial apprehension with the horse. Nonetheless, I would highly recommend this activity to anyone seeking a unique blend of archery and horseback riding in the lap of nature.\r\n\r\nThank you, Nina, for sharing your love for archery and nature with us. It was an unforgettable experience that I'll cherish for years to come! 🏹🐎🍃"
  }
},
{
  "model": "search_app.booking",
  "pk": 38,
  "fields": {
    "traveler": "Robin",
    "host": "Allen",
    "experience_name": "A boat ride in Giethoorn"
  }
},
{
  "model": "search_app.booking",
  "pk": 39,
  "fields": {
    "traveler": "Sage",
    "host": "Nina",
    "experience_name": "Traditional archery"
  }
},
{
  "model": "search_app.booking",
  "pk": 40,
  "fields": {
    "traveler": "Robin",
    "host": "Hiro",
    "experience_name": "Japanese tea ceremony"
  }
}
]
